Product,Date,Time,SN,MAC,Result,Filename
TN-86_PICO-IMX7,2026-01-06,17:24:54,513126020005,001F7B6BCFC8_001F7B6BCFC9,PASS,20260106_172454_513126020005_001F7B6BCFC8_001F7B6BCFC9_PASS.txt
TN-86_PICO-IMX7,2026-01-06,17:26:32,513126020086,001F7B6BD06A_001F7B6BD06B,PASS,20260106_172632_513126020086_001F7B6BD06A_001F7B6BD06B_PASS.txt
TN-86_PICO-IMX7,2026-01-06,17:28:48,513126020089,001F7B6BD070_001F7B6BD071,PASS,20260106_172848_513126020089_001F7B6BD070_001F7B6BD071_PASS.txt
TN-86_PICO-IMX7,2026-01-06,17:29:15,513126020001,001F7B6BCFC0_001F7B6BCFC1,PASS,20260106_172915_513126020001_001F7B6BCFC0_001F7B6BCFC1_PASS.txt
TN-86_PICO-IMX7,2026-01-07,08:34:59,513126020066,001F7B6BD042_001F7B6BD043,PASS,20260107_083459_513126020066_001F7B6BD042_001F7B6BD043_PASS.txt
TN-86_PICO-IMX7,2026-01-07,08:37:34,513126020234,001F7B6BD192_001F7B6BD193,PASS,20260107_083734_513126020234_001F7B6BD192_001F7B6BD193_PASS.txt
TN-86_PICO-IMX7,2026-01-07,08:41:10,513126020060,001F7B6BD036_001F7B6BD037,PASS,20260107_084110_513126020060_001F7B6BD036_001F7B6BD037_PASS.txt
TN-86_PICO-IMX7,2026-01-07,08:45:25,513126020236,001F7B6BD196_001F7B6BD197,PASS,20260107_084525_513126020236_001F7B6BD196_001F7B6BD197_PASS.txt
TN-86_PICO-IMX7,2026-01-07,08:45:49,513126020193,001F7B6BD140_001F7B6BD141,PASS,20260107_084549_513126020193_001F7B6BD140_001F7B6BD141_PASS.txt
TN-86_PICO-IMX7,2026-01-07,08:47:42,513126020190,001F7B6BD13A_001F7B6BD13B,PASS,20260107_084742_513126020190_001F7B6BD13A_001F7B6BD13B_PASS.txt
TN-86_PICO-IMX7,2026-01-07,08:47:50,513126020194,001F7B6BD142_001F7B6BD143,PASS,20260107_084750_513126020194_001F7B6BD142_001F7B6BD143_PASS.txt
TN-86_PICO-IMX7,2026-01-07,08:50:42,513126020243,001F7B6BD1A4_001F7B6BD1A5,PASS,20260107_085042_513126020243_001F7B6BD1A4_001F7B6BD1A5_PASS.txt
TN-86_PICO-IMX7,2026-01-07,08:52:12,513126020195,001F7B6BD144_001F7B6BD145,PASS,20260107_085212_513126020195_001F7B6BD144_001F7B6BD145_PASS.txt
TN-86_PICO-IMX7,2026-01-07,08:52:49,513126020029,001F7B6BCFF8_001F7B6BCFF9,PASS,20260107_085249_513126020029_001F7B6BCFF8_001F7B6BCFF9_PASS.txt
TN-86_PICO-IMX7,2026-01-07,08:53:45,513126020242,001F7B6BD1A2_001F7B6BD1A3,PASS,20260107_085345_513126020242_001F7B6BD1A2_001F7B6BD1A3_PASS.txt
TN-86_PICO-IMX7,2026-01-07,08:54:04,513126020033,001F7B6BD000_001F7B6BD001,PASS,20260107_085404_513126020033_001F7B6BD000_001F7B6BD001_PASS.txt
TN-86_PICO-IMX7,2026-01-07,08:56:46,513126020035,001F7B6BD004_001F7B6BD005,PASS,20260107_085646_513126020035_001F7B6BD004_001F7B6BD005_PASS.txt
TN-86_PICO-IMX7,2026-01-07,08:57:17,513126020232,001F7B6BD18E_001F7B6BD18F,PASS,20260107_085717_513126020232_001F7B6BD18E_001F7B6BD18F_PASS.txt
TN-86_PICO-IMX7,2026-01-07,09:00:21,513126020237,001F7B6BD198_001F7B6BD199,PASS,20260107_090021_513126020237_001F7B6BD198_001F7B6BD199_PASS.txt
TN-86_PICO-IMX7,2026-01-07,09:01:13,513126020191,001F7B6BD13C_001F7B6BD13D,PASS,20260107_090113_513126020191_001F7B6BD13C_001F7B6BD13D_PASS.txt
TN-86_PICO-IMX7,2026-01-07,09:01:41,513126020233,001F7B6BD190_001F7B6BD191,PASS,20260107_090141_513126020233_001F7B6BD190_001F7B6BD191_PASS.txt
TN-86_PICO-IMX7,2026-01-07,09:02:21,513126020192,001F7B6BD13E_001F7B6BD13F,PASS,20260107_090221_513126020192_001F7B6BD13E_001F7B6BD13F_PASS.txt
TN-86_PICO-IMX7,2026-01-07,09:03:27,513126020034,001F7B6BD002_001F7B6BD003,PASS,20260107_090327_513126020034_001F7B6BD002_001F7B6BD003_PASS.txt
TN-86_PICO-IMX7,2026-01-07,09:05:12,513126020235,001F7B6BD194_001F7B6BD195,PASS,20260107_090512_513126020235_001F7B6BD194_001F7B6BD195_PASS.txt
TN-86_PICO-IMX7,2026-01-07,09:06:47,513126020239,001F7B6BD19C_001F7B6BD19D,PASS,20260107_090647_513126020239_001F7B6BD19C_001F7B6BD19D_PASS.txt
TN-86_PICO-IMX7,2026-01-07,09:08:40,513126020032,001F7B6BCFFE_001F7B6BCFFF,PASS,20260107_090840_513126020032_001F7B6BCFFE_001F7B6BCFFF_PASS.txt
TN-86_PICO-IMX7,2026-01-07,09:09:44,513126020036,001F7B6BD006_001F7B6BD007,PASS,20260107_090944_513126020036_001F7B6BD006_001F7B6BD007_PASS.txt
TN-86_PICO-IMX7,2026-01-07,09:10:38,513126020031,001F7B6BCFFC_001F7B6BCFFD,PASS,20260107_091038_513126020031_001F7B6BCFFC_001F7B6BCFFD_PASS.txt
TN-86_PICO-IMX7,2026-01-07,09:11:23,513126020247,001F7B6BD1AC_001F7B6BD1AD,PASS,20260107_091123_513126020247_001F7B6BD1AC_001F7B6BD1AD_PASS.txt
TN-86_PICO-IMX7,2026-01-07,09:13:34,513126020196,001F7B6BD146_001F7B6BD147,PASS,20260107_091334_513126020196_001F7B6BD146_001F7B6BD147_PASS.txt
TN-86_PICO-IMX7,2026-01-07,09:15:02,513126020241,001F7B6BD1A0_001F7B6BD1A1,PASS,20260107_091502_513126020241_001F7B6BD1A0_001F7B6BD1A1_PASS.txt
TN-86_PICO-IMX7,2026-01-07,09:16:03,513126020248,001F7B6BD1AE_001F7B6BD1AF,PASS,20260107_091603_513126020248_001F7B6BD1AE_001F7B6BD1AF_PASS.txt
TN-86_PICO-IMX7,2026-01-07,09:18:25,513126020249,001F7B6BD1B0_001F7B6BD1B1,PASS,20260107_091825_513126020249_001F7B6BD1B0_001F7B6BD1B1_PASS.txt
TN-86_PICO-IMX7,2026-01-07,09:18:50,513126020200,001F7B6BD14E_001F7B6BD14F,PASS,20260107_091850_513126020200_001F7B6BD14E_001F7B6BD14F_PASS.txt
TN-86_PICO-IMX7,2026-01-07,09:19:35,513126020238,001F7B6BD19A_001F7B6BD19B,PASS,20260107_091935_513126020238_001F7B6BD19A_001F7B6BD19B_PASS.txt
TN-86_PICO-IMX7,2026-01-07,09:20:01,513126020199,001F7B6BD14C_001F7B6BD14D,PASS,20260107_092001_513126020199_001F7B6BD14C_001F7B6BD14D_PASS.txt
TN-86_PICO-IMX7,2026-01-07,09:20:13,513126020198,001F7B6BD14A_001F7B6BD14B,PASS,20260107_092013_513126020198_001F7B6BD14A_001F7B6BD14B_PASS.txt
TN-86_PICO-IMX7,2026-01-07,09:22:59,513126020240,001F7B6BD19E_001F7B6BD19F,PASS,20260107_092259_513126020240_001F7B6BD19E_001F7B6BD19F_PASS.txt
TN-86_PICO-IMX7,2026-01-07,09:23:58,513126020228,001F7B6BD186_001F7B6BD187,PASS,20260107_092358_513126020228_001F7B6BD186_001F7B6BD187_PASS.txt
TN-86_PICO-IMX7,2026-01-07,09:24:47,513126020245,001F7B6BD1A8_001F7B6BD1A9,PASS,20260107_092447_513126020245_001F7B6BD1A8_001F7B6BD1A9_PASS.txt
TN-86_PICO-IMX7,2026-01-07,09:26:16,513126020221,001F7B6BD178_001F7B6BD179,PASS,20260107_092616_513126020221_001F7B6BD178_001F7B6BD179_PASS.txt
TN-86_PICO-IMX7,2026-01-07,09:26:26,513126020215,001F7B6BD16C_001F7B6BD16D,PASS,20260107_092626_513126020215_001F7B6BD16C_001F7B6BD16D_PASS.txt
TN-86_PICO-IMX7,2026-01-07,09:28:29,513126020211,001F7B6BD164_001F7B6BD165,PASS,20260107_092829_513126020211_001F7B6BD164_001F7B6BD165_PASS.txt
TN-86_PICO-IMX7,2026-01-07,09:31:51,513126020217,001F7B6BD170_001F7B6BD171,PASS,20260107_093151_513126020217_001F7B6BD170_001F7B6BD171_PASS.txt
TN-86_PICO-IMX7,2026-01-07,09:33:01,513126020201,001F7B6BD150_001F7B6BD151,PASS,20260107_093301_513126020201_001F7B6BD150_001F7B6BD151_PASS.txt
TN-86_PICO-IMX7,2026-01-07,09:33:01,513126020246,001F7B6BD1AA_001F7B6BD1AB,PASS,20260107_093301_513126020246_001F7B6BD1AA_001F7B6BD1AB_PASS.txt
TN-86_PICO-IMX7,2026-01-07,09:33:16,513126020226,001F7B6BD182_001F7B6BD183,PASS,20260107_093316_513126020226_001F7B6BD182_001F7B6BD183_PASS.txt
TN-86_PICO-IMX7,2026-01-07,09:33:21,513126020197,001F7B6BD148_001F7B6BD149,PASS,20260107_093321_513126020197_001F7B6BD148_001F7B6BD149_PASS.txt
TN-86_PICO-IMX7,2026-01-07,09:36:02,513126020244,001F7B6BD1A6_001F7B6BD1A7,PASS,20260107_093602_513126020244_001F7B6BD1A6_001F7B6BD1A7_PASS.txt
TN-86_PICO-IMX7,2026-01-07,09:38:39,513126020219,001F7B6BD174_001F7B6BD175,PASS,20260107_093839_513126020219_001F7B6BD174_001F7B6BD175_PASS.txt
TN-86_PICO-IMX7,2026-01-07,09:40:22,513126020214,001F7B6BD16A_001F7B6BD16B,PASS,20260107_094022_513126020214_001F7B6BD16A_001F7B6BD16B_PASS.txt
TN-86_PICO-IMX7,2026-01-07,09:40:33,513126020216,001F7B6BD16E_001F7B6BD16F,PASS,20260107_094033_513126020216_001F7B6BD16E_001F7B6BD16F_PASS.txt
TN-86_PICO-IMX7,2026-01-07,09:40:48,513126020218,001F7B6BD172_001F7B6BD173,PASS,20260107_094048_513126020218_001F7B6BD172_001F7B6BD173_PASS.txt
TN-86_PICO-IMX7,2026-01-07,09:41:23,513126020231,001F7B6BD18C_001F7B6BD18D,PASS,20260107_094123_513126020231_001F7B6BD18C_001F7B6BD18D_PASS.txt
TN-86_PICO-IMX7,2026-01-07,09:42:44,513126020229,001F7B6BD188_001F7B6BD189,PASS,20260107_094244_513126020229_001F7B6BD188_001F7B6BD189_PASS.txt
TN-86_PICO-IMX7,2026-01-07,09:43:58,513126020227,001F7B6BD184_001F7B6BD185,PASS,20260107_094358_513126020227_001F7B6BD184_001F7B6BD185_PASS.txt
TN-86_PICO-IMX7,2026-01-07,09:45:59,513126020213,001F7B6BD168_001F7B6BD169,PASS,20260107_094559_513126020213_001F7B6BD168_001F7B6BD169_PASS.txt
TN-86_PICO-IMX7,2026-01-07,09:47:27,513126020230,001F7B6BD18A_001F7B6BD18B,PASS,20260107_094727_513126020230_001F7B6BD18A_001F7B6BD18B_PASS.txt
TN-86_PICO-IMX7,2026-01-07,09:47:55,513126020093,001F7B6BD078_001F7B6BD079,PASS,20260107_094755_513126020093_001F7B6BD078_001F7B6BD079_PASS.txt
TN-86_PICO-IMX7,2026-01-07,09:48:05,513126020222,001F7B6BD17A_001F7B6BD17B,PASS,20260107_094805_513126020222_001F7B6BD17A_001F7B6BD17B_PASS.txt
TN-86_PICO-IMX7,2026-01-07,09:48:51,513126020024,001F7B6BCFEE_001F7B6BCFEF,PASS,20260107_094851_513126020024_001F7B6BCFEE_001F7B6BCFEF_PASS.txt
TN-86_PICO-IMX7,2026-01-07,09:50:53,513126020075,001F7B6BD054_001F7B6BD055,PASS,20260107_095053_513126020075_001F7B6BD054_001F7B6BD055_PASS.txt
TN-86_PICO-IMX7,2026-01-07,09:51:04,513126020019,001F7B6BCFE4_001F7B6BCFE5,PASS,20260107_095104_513126020019_001F7B6BCFE4_001F7B6BCFE5_PASS.txt
TN-86_PICO-IMX7,2026-01-07,09:51:53,513126020021,001F7B6BCFE8_001F7B6BCFE9,PASS,20260107_095153_513126020021_001F7B6BCFE8_001F7B6BCFE9_PASS.txt
TN-86_PICO-IMX7,2026-01-07,09:52:17,513126020020,001F7B6BCFE6_001F7B6BCFE7,PASS,20260107_095217_513126020020_001F7B6BCFE6_001F7B6BCFE7_PASS.txt
TN-86_PICO-IMX7,2026-01-07,09:55:50,513126020071,001F7B6BD04C_001F7B6BD04D,PASS,20260107_095550_513126020071_001F7B6BD04C_001F7B6BD04D_PASS.txt
TN-86_PICO-IMX7,2026-01-07,09:56:33,513126020092,001F7B6BD076_001F7B6BD077,PASS,20260107_095633_513126020092_001F7B6BD076_001F7B6BD077_PASS.txt
TN-86_PICO-IMX7,2026-01-07,09:57:32,513126020079,001F7B6BD05C_001F7B6BD05D,PASS,20260107_095732_513126020079_001F7B6BD05C_001F7B6BD05D_PASS.txt
TN-86_PICO-IMX7,2026-01-07,10:06:23,513126020045,001F7B6BD018_001F7B6BD019,PASS,20260107_100623_513126020045_001F7B6BD018_001F7B6BD019_PASS.txt
TN-86_PICO-IMX7,2026-01-07,10:06:51,513126020047,001F7B6BD01C_001F7B6BD01D,PASS,20260107_100651_513126020047_001F7B6BD01C_001F7B6BD01D_PASS.txt
TN-86_PICO-IMX7,2026-01-07,10:16:25,513126020074,001F7B6BD052_001F7B6BD053,PASS,20260107_101625_513126020074_001F7B6BD052_001F7B6BD053_PASS.txt
TN-86_PICO-IMX7,2026-01-07,10:18:01,513126020081,001F7B6BD060_001F7B6BD061,PASS,20260107_101801_513126020081_001F7B6BD060_001F7B6BD061_PASS.txt
TN-86_PICO-IMX7,2026-01-07,10:19:20,513126020050,001F7B6BD022_001F7B6BD023,PASS,20260107_101920_513126020050_001F7B6BD022_001F7B6BD023_PASS.txt
TN-86_PICO-IMX7,2026-01-07,10:19:52,513126020040,001F7B6BD00E_001F7B6BD00F,PASS,20260107_101952_513126020040_001F7B6BD00E_001F7B6BD00F_PASS.txt
TN-86_PICO-IMX7,2026-01-07,10:21:17,513126020049,001F7B6BD020_001F7B6BD021,PASS,20260107_102117_513126020049_001F7B6BD020_001F7B6BD021_PASS.txt
TN-86_PICO-IMX7,2026-01-07,10:21:48,513126020072,001F7B6BD04E_001F7B6BD04F,PASS,20260107_102148_513126020072_001F7B6BD04E_001F7B6BD04F_PASS.txt
TN-86_PICO-IMX7,2026-01-07,10:23:38,513126020038,001F7B6BD00A_001F7B6BD00B,PASS,20260107_102338_513126020038_001F7B6BD00A_001F7B6BD00B_PASS.txt
TN-86_PICO-IMX7,2026-01-07,10:27:12,513126020052,001F7B6BD026_001F7B6BD027,PASS,20260107_102712_513126020052_001F7B6BD026_001F7B6BD027_PASS.txt
TN-86_PICO-IMX7,2026-01-07,10:29:43,513126020039,001F7B6BD00C_001F7B6BD00D,PASS,20260107_102943_513126020039_001F7B6BD00C_001F7B6BD00D_PASS.txt
TN-86_PICO-IMX7,2026-01-07,10:31:34,513126020054,001F7B6BD02A_001F7B6BD02B,PASS,20260107_103134_513126020054_001F7B6BD02A_001F7B6BD02B_PASS.txt
TN-86_PICO-IMX7,2026-01-07,10:32:19,513126020048,001F7B6BD01E_001F7B6BD01F,PASS,20260107_103219_513126020048_001F7B6BD01E_001F7B6BD01F_PASS.txt
TN-86_PICO-IMX7,2026-01-07,10:33:59,513126020053,001F7B6BD028_001F7B6BD029,PASS,20260107_103359_513126020053_001F7B6BD028_001F7B6BD029_PASS.txt
TN-86_PICO-IMX7,2026-01-07,10:36:58,513126020042,001F7B6BD012_001F7B6BD013,PASS,20260107_103658_513126020042_001F7B6BD012_001F7B6BD013_PASS.txt
TN-86_PICO-IMX7,2026-01-07,10:37:40,513126020022,001F7B6BCFEA_001F7B6BCFEB,PASS,20260107_103740_513126020022_001F7B6BCFEA_001F7B6BCFEB_PASS.txt
TN-86_PICO-IMX7,2026-01-07,10:38:07,513126020023,001F7B6BCFEC_001F7B6BCFED,PASS,20260107_103807_513126020023_001F7B6BCFEC_001F7B6BCFED_PASS.txt
TN-86_PICO-IMX7,2026-01-07,10:40:02,513126020044,001F7B6BD016_001F7B6BD017,PASS,20260107_104002_513126020044_001F7B6BD016_001F7B6BD017_PASS.txt
TN-86_PICO-IMX7,2026-01-07,10:40:33,513126020046,001F7B6BD01A_001F7B6BD01B,PASS,20260107_104033_513126020046_001F7B6BD01A_001F7B6BD01B_PASS.txt
TN-86_PICO-IMX7,2026-01-07,10:41:07,513126020037,001F7B6BD008_001F7B6BD009,PASS,20260107_104107_513126020037_001F7B6BD008_001F7B6BD009_PASS.txt
TN-86_PICO-IMX7,2026-01-07,10:42:55,513126020041,001F7B6BD010_001F7B6BD011,PASS,20260107_104255_513126020041_001F7B6BD010_001F7B6BD011_PASS.txt
TN-86_PICO-IMX7,2026-01-07,10:44:15,513126020043,001F7B6BD014_001F7B6BD015,PASS,20260107_104415_513126020043_001F7B6BD014_001F7B6BD015_PASS.txt
TN-86_PICO-IMX7,2026-01-07,10:46:02,513126020210,001F7B6BD162_001F7B6BD163,PASS,20260107_104602_513126020210_001F7B6BD162_001F7B6BD163_PASS.txt
TN-86_PICO-IMX7,2026-01-07,10:46:12,513126020208,001F7B6BD15E_001F7B6BD15F,PASS,20260107_104612_513126020208_001F7B6BD15E_001F7B6BD15F_PASS.txt
TN-86_PICO-IMX7,2026-01-07,10:46:45,513126020212,001F7B6BD166_001F7B6BD167,PASS,20260107_104645_513126020212_001F7B6BD166_001F7B6BD167_PASS.txt
TN-86_PICO-IMX7,2026-01-07,10:46:46,513126020209,001F7B6BD160_001F7B6BD161,PASS,20260107_104646_513126020209_001F7B6BD160_001F7B6BD161_PASS.txt
TN-86_PICO-IMX7,2026-01-07,10:49:59,513126020220,001F7B6BD176_001F7B6BD177,PASS,20260107_104959_513126020220_001F7B6BD176_001F7B6BD177_PASS.txt
TN-86_PICO-IMX7,2026-01-07,10:52:30,513126020051,001F7B6BD024_001F7B6BD025,PASS,20260107_105230_513126020051_001F7B6BD024_001F7B6BD025_PASS.txt
TN-86_PICO-IMX7,2026-01-07,10:53:08,513126020181,001F7B6BD128_001F7B6BD129,PASS,20260107_105308_513126020181_001F7B6BD128_001F7B6BD129_PASS.txt
TN-86_PICO-IMX7,2026-01-07,10:53:42,513126020176,001F7B6BD11E_001F7B6BD11F,PASS,20260107_105342_513126020176_001F7B6BD11E_001F7B6BD11F_PASS.txt
TN-86_PICO-IMX7,2026-01-07,10:54:39,513126020224,001F7B6BD17E_001F7B6BD17F,PASS,20260107_105439_513126020224_001F7B6BD17E_001F7B6BD17F_PASS.txt
TN-86_PICO-IMX7,2026-01-07,10:56:22,513126020174,001F7B6BD11A_001F7B6BD11B,PASS,20260107_105622_513126020174_001F7B6BD11A_001F7B6BD11B_PASS.txt
TN-86_PICO-IMX7,2026-01-07,10:56:39,513126020172,001F7B6BD116_001F7B6BD117,PASS,20260107_105639_513126020172_001F7B6BD116_001F7B6BD117_PASS.txt
TN-86_PICO-IMX7,2026-01-07,10:58:57,513126020223,001F7B6BD17C_001F7B6BD17D,PASS,20260107_105857_513126020223_001F7B6BD17C_001F7B6BD17D_PASS.txt
TN-86_PICO-IMX7,2026-01-07,10:59:50,513126020179,001F7B6BD124_001F7B6BD125,PASS,20260107_105950_513126020179_001F7B6BD124_001F7B6BD125_PASS.txt
TN-86_PICO-IMX7,2026-01-07,10:59:51,513126020159,001F7B6BD0FC_001F7B6BD0FD,PASS,20260107_105951_513126020159_001F7B6BD0FC_001F7B6BD0FD_PASS.txt
TN-86_PICO-IMX7,2026-01-07,11:00:56,513126020183,001F7B6BD12C_001F7B6BD12D,PASS,20260107_110056_513126020183_001F7B6BD12C_001F7B6BD12D_PASS.txt
TN-86_PICO-IMX7,2026-01-07,11:02:33,513126020156,001F7B6BD0F6_001F7B6BD0F7,PASS,20260107_110233_513126020156_001F7B6BD0F6_001F7B6BD0F7_PASS.txt
TN-86_PICO-IMX7,2026-01-07,11:05:11,513126020157,001F7B6BD0F8_001F7B6BD0F9,PASS,20260107_110511_513126020157_001F7B6BD0F8_001F7B6BD0F9_PASS.txt
TN-86_PICO-IMX7,2026-01-07,11:05:15,513126020225,001F7B6BD180_001F7B6BD181,PASS,20260107_110515_513126020225_001F7B6BD180_001F7B6BD181_PASS.txt
TN-86_PICO-IMX7,2026-01-07,11:06:08,513126020154,001F7B6BD0F2_001F7B6BD0F3,PASS,20260107_110608_513126020154_001F7B6BD0F2_001F7B6BD0F3_PASS.txt
TN-86_PICO-IMX7,2026-01-07,11:08:25,513126020166,001F7B6BD10A_001F7B6BD10B,PASS,20260107_110825_513126020166_001F7B6BD10A_001F7B6BD10B_PASS.txt
TN-86_PICO-IMX7,2026-01-07,11:10:49,513126020168,001F7B6BD10E_001F7B6BD10F,PASS,20260107_111049_513126020168_001F7B6BD10E_001F7B6BD10F_PASS.txt
TN-86_PICO-IMX7,2026-01-07,11:11:10,513126020158,001F7B6BD0FA_001F7B6BD0FB,PASS,20260107_111110_513126020158_001F7B6BD0FA_001F7B6BD0FB_PASS.txt
TN-86_PICO-IMX7,2026-01-07,11:11:26,513126020167,001F7B6BD10C_001F7B6BD10D,PASS,20260107_111126_513126020167_001F7B6BD10C_001F7B6BD10D_PASS.txt
TN-86_PICO-IMX7,2026-01-07,11:12:08,513126020175,001F7B6BD11C_001F7B6BD11D,PASS,20260107_111208_513126020175_001F7B6BD11C_001F7B6BD11D_PASS.txt
TN-86_PICO-IMX7,2026-01-07,11:12:39,513126020282,001F7B6BD1F2_001F7B6BD1F3,PASS,20260107_111239_513126020282_001F7B6BD1F2_001F7B6BD1F3_PASS.txt
TN-86_PICO-IMX7,2026-01-07,11:14:45,513126020274,001F7B6BD1E2_001F7B6BD1E3,PASS,20260107_111445_513126020274_001F7B6BD1E2_001F7B6BD1E3_PASS.txt
TN-86_PICO-IMX7,2026-01-07,11:19:52,513126020273,001F7B6BD1E0_001F7B6BD1E1,PASS,20260107_111952_513126020273_001F7B6BD1E0_001F7B6BD1E1_PASS.txt
TN-86_PICO-IMX7,2026-01-07,11:20:44,513126020275,001F7B6BD1E4_001F7B6BD1E5,PASS,20260107_112044_513126020275_001F7B6BD1E4_001F7B6BD1E5_PASS.txt
TN-86_PICO-IMX7,2026-01-07,11:21:04,513126020271,001F7B6BD1DC_001F7B6BD1DD,PASS,20260107_112104_513126020271_001F7B6BD1DC_001F7B6BD1DD_PASS.txt
TN-86_PICO-IMX7,2026-01-07,11:21:27,513126020277,001F7B6BD1E8_001F7B6BD1E9,PASS,20260107_112127_513126020277_001F7B6BD1E8_001F7B6BD1E9_PASS.txt
TN-86_PICO-IMX7,2026-01-07,11:21:42,513126020276,001F7B6BD1E6_001F7B6BD1E7,PASS,20260107_112142_513126020276_001F7B6BD1E6_001F7B6BD1E7_PASS.txt
TN-86_PICO-IMX7,2026-01-07,11:22:20,513126020286,001F7B6BD1FA_001F7B6BD1FB,PASS,20260107_112220_513126020286_001F7B6BD1FA_001F7B6BD1FB_PASS.txt
TN-86_PICO-IMX7,2026-01-07,11:26:25,513126020288,001F7B6BD1FE_001F7B6BD1FF,PASS,20260107_112625_513126020288_001F7B6BD1FE_001F7B6BD1FF_PASS.txt
TN-86_PICO-IMX7,2026-01-07,11:26:57,513126020292,001F7B6BD206_001F7B6BD207,PASS,20260107_112657_513126020292_001F7B6BD206_001F7B6BD207_PASS.txt
TN-86_PICO-IMX7,2026-01-07,11:27:46,513126020293,001F7B6BD208_001F7B6BD209,PASS,20260107_112746_513126020293_001F7B6BD208_001F7B6BD209_PASS.txt
TN-86_PICO-IMX7,2026-01-07,11:28:15,513126020296,001F7B6BD20E_001F7B6BD20F,PASS,20260107_112815_513126020296_001F7B6BD20E_001F7B6BD20F_PASS.txt
TN-86_PICO-IMX7,2026-01-07,11:28:43,513126020295,001F7B6BD20C_001F7B6BD20D,PASS,20260107_112843_513126020295_001F7B6BD20C_001F7B6BD20D_PASS.txt
TN-86_PICO-IMX7,2026-01-07,11:31:24,513126020300,001F7B6BD216_001F7B6BD217,PASS,20260107_113124_513126020300_001F7B6BD216_001F7B6BD217_PASS.txt
TN-86_PICO-IMX7,2026-01-07,11:32:28,513126020294,001F7B6BD20A_001F7B6BD20B,PASS,20260107_113228_513126020294_001F7B6BD20A_001F7B6BD20B_PASS.txt
TN-86_PICO-IMX7,2026-01-07,11:35:06,513126020297,001F7B6BD210_001F7B6BD211,PASS,20260107_113506_513126020297_001F7B6BD210_001F7B6BD211_PASS.txt
TN-86_PICO-IMX7,2026-01-07,11:36:10,513126020289,001F7B6BD200_001F7B6BD201,PASS,20260107_113610_513126020289_001F7B6BD200_001F7B6BD201_PASS.txt
TN-86_PICO-IMX7,2026-01-07,11:36:44,513126020101,001F7B6BD088_001F7B6BD089,PASS,20260107_113644_513126020101_001F7B6BD088_001F7B6BD089_PASS.txt
TN-86_PICO-IMX7,2026-01-07,11:41:04,513126020291,001F7B6BD204_001F7B6BD205,PASS,20260107_114104_513126020291_001F7B6BD204_001F7B6BD205_PASS.txt
TN-86_PICO-IMX7,2026-01-07,11:41:28,513126020103,001F7B6BD08C_001F7B6BD08D,PASS,20260107_114128_513126020103_001F7B6BD08C_001F7B6BD08D_PASS.txt
TN-86_PICO-IMX7,2026-01-07,11:46:17,513126020283,001F7B6BD1F4_001F7B6BD1F5,PASS,20260107_114617_513126020283_001F7B6BD1F4_001F7B6BD1F5_PASS.txt
TN-86_PICO-IMX7,2026-01-07,11:46:47,513126020285,001F7B6BD1F8_001F7B6BD1F9,PASS,20260107_114647_513126020285_001F7B6BD1F8_001F7B6BD1F9_PASS.txt
TN-86_PICO-IMX7,2026-01-07,11:49:17,513126020280,001F7B6BD1EE_001F7B6BD1EF,PASS,20260107_114917_513126020280_001F7B6BD1EE_001F7B6BD1EF_PASS.txt
TN-86_PICO-IMX7,2026-01-07,11:51:34,513126020125,001F7B6BD0B8_001F7B6BD0B9,PASS,20260107_115134_513126020125_001F7B6BD0B8_001F7B6BD0B9_PASS.txt
TN-86_PICO-IMX7,2026-01-07,11:55:20,513126020281,001F7B6BD1F0_001F7B6BD1F1,PASS,20260107_115520_513126020281_001F7B6BD1F0_001F7B6BD1F1_PASS.txt
TN-86_PICO-IMX7,2026-01-07,11:55:35,513126020284,001F7B6BD1F6_001F7B6BD1F7,PASS,20260107_115535_513126020284_001F7B6BD1F6_001F7B6BD1F7_PASS.txt
TN-86_PICO-IMX7,2026-01-07,11:56:00,513126020253,001F7B6BD1B8_001F7B6BD1B9,PASS,20260107_115600_513126020253_001F7B6BD1B8_001F7B6BD1B9_PASS.txt
TN-86_PICO-IMX7,2026-01-07,11:56:43,513126020279,001F7B6BD1EC_001F7B6BD1ED,PASS,20260107_115643_513126020279_001F7B6BD1EC_001F7B6BD1ED_PASS.txt
TN-86_PICO-IMX7,2026-01-07,11:57:45,513126020177,001F7B6BD120_001F7B6BD121,PASS,20260107_115745_513126020177_001F7B6BD120_001F7B6BD121_PASS.txt
TN-86_PICO-IMX7,2026-01-07,12:00:30,513126020290,001F7B6BD202_001F7B6BD203,PASS,20260107_120030_513126020290_001F7B6BD202_001F7B6BD203_PASS.txt
TN-86_PICO-IMX7,2026-01-07,12:50:29,513126020287,001F7B6BD1FC_001F7B6BD1FD,PASS,20260107_125029_513126020287_001F7B6BD1FC_001F7B6BD1FD_PASS.txt
TN-86_PICO-IMX7,2026-01-07,12:50:45,513126020278,001F7B6BD1EA_001F7B6BD1EB,PASS,20260107_125045_513126020278_001F7B6BD1EA_001F7B6BD1EB_PASS.txt
TN-86_PICO-IMX7,2026-01-07,12:51:59,513126020260,001F7B6BD1C6_001F7B6BD1C7,PASS,20260107_125159_513126020260_001F7B6BD1C6_001F7B6BD1C7_PASS.txt
TN-86_PICO-IMX7,2026-01-07,12:52:15,513126020257,001F7B6BD1C0_001F7B6BD1C1,PASS,20260107_125215_513126020257_001F7B6BD1C0_001F7B6BD1C1_PASS.txt
TN-86_PICO-IMX7,2026-01-07,12:53:36,513126020269,001F7B6BD1D8_001F7B6BD1D9,PASS,20260107_125336_513126020269_001F7B6BD1D8_001F7B6BD1D9_PASS.txt
TN-86_PICO-IMX7,2026-01-07,12:54:01,513126020268,001F7B6BD1D6_001F7B6BD1D7,PASS,20260107_125401_513126020268_001F7B6BD1D6_001F7B6BD1D7_PASS.txt
TN-86_PICO-IMX7,2026-01-07,12:54:32,513126020259,001F7B6BD1C4_001F7B6BD1C5,PASS,20260107_125432_513126020259_001F7B6BD1C4_001F7B6BD1C5_PASS.txt
TN-86_PICO-IMX7,2026-01-07,12:57:45,513126020272,001F7B6BD1DE_001F7B6BD1DF,PASS,20260107_125745_513126020272_001F7B6BD1DE_001F7B6BD1DF_PASS.txt
TN-86_PICO-IMX7,2026-01-07,12:58:44,513126020270,001F7B6BD1DA_001F7B6BD1DB,PASS,20260107_125844_513126020270_001F7B6BD1DA_001F7B6BD1DB_PASS.txt
TN-86_PICO-IMX7,2026-01-07,12:59:04,513126020055,001F7B6BD02C_001F7B6BD02D,PASS,20260107_125904_513126020055_001F7B6BD02C_001F7B6BD02D_PASS.txt
TN-86_PICO-IMX7,2026-01-07,12:59:35,513126020299,001F7B6BD214_001F7B6BD215,PASS,20260107_125935_513126020299_001F7B6BD214_001F7B6BD215_PASS.txt
TN-86_PICO-IMX7,2026-01-07,13:02:36,513126020062,001F7B6BD03A_001F7B6BD03B,PASS,20260107_130236_513126020062_001F7B6BD03A_001F7B6BD03B_PASS.txt
TN-86_PICO-IMX7,2026-01-07,13:02:50,513126020004,001F7B6BCFC6_001F7B6BCFC7,PASS,20260107_130250_513126020004_001F7B6BCFC6_001F7B6BCFC7_PASS.txt
TN-86_PICO-IMX7,2026-01-07,13:05:05,513126020006,001F7B6BCFCA_001F7B6BCFCB,PASS,20260107_130505_513126020006_001F7B6BCFCA_001F7B6BCFCB_PASS.txt
TN-86_PICO-IMX7,2026-01-07,13:05:50,513126020104,001F7B6BD08E_001F7B6BD08F,PASS,20260107_130550_513126020104_001F7B6BD08E_001F7B6BD08F_PASS.txt
TN-86_PICO-IMX7,2026-01-07,13:06:30,513126020026,001F7B6BCFF2_001F7B6BCFF3,PASS,20260107_130630_513126020026_001F7B6BCFF2_001F7B6BCFF3_PASS.txt
TN-86_PICO-IMX7,2026-01-07,13:07:52,513126020065,001F7B6BD040_001F7B6BD041,PASS,20260107_130752_513126020065_001F7B6BD040_001F7B6BD041_PASS.txt
TN-86_PICO-IMX7,2026-01-07,13:09:05,513126020061,001F7B6BD038_001F7B6BD039,PASS,20260107_130905_513126020061_001F7B6BD038_001F7B6BD039_PASS.txt
TN-86_PICO-IMX7,2026-01-07,13:09:51,513126020025,001F7B6BCFF0_001F7B6BCFF1,PASS,20260107_130951_513126020025_001F7B6BCFF0_001F7B6BCFF1_PASS.txt
TN-86_PICO-IMX7,2026-01-07,13:11:20,513126020063,001F7B6BD03C_001F7B6BD03D,PASS,20260107_131120_513126020063_001F7B6BD03C_001F7B6BD03D_PASS.txt
TN-86_PICO-IMX7,2026-01-07,13:11:43,513126020100,001F7B6BD086_001F7B6BD087,PASS,20260107_131143_513126020100_001F7B6BD086_001F7B6BD087_PASS.txt
TN-86_PICO-IMX7,2026-01-07,13:14:03,513126020027,001F7B6BCFF4_001F7B6BCFF5,PASS,20260107_131403_513126020027_001F7B6BCFF4_001F7B6BCFF5_PASS.txt
TN-86_PICO-IMX7,2026-01-07,13:15:13,513126020002,001F7B6BCFC2_001F7B6BCFC3,PASS,20260107_131513_513126020002_001F7B6BCFC2_001F7B6BCFC3_PASS.txt
TN-86_PICO-IMX7,2026-01-07,13:17:16,513126020078,001F7B6BD05A_001F7B6BD05B,PASS,20260107_131716_513126020078_001F7B6BD05A_001F7B6BD05B_PASS.txt
TN-86_PICO-IMX7,2026-01-07,13:20:04,513126020073,001F7B6BD050_001F7B6BD051,PASS,20260107_132004_513126020073_001F7B6BD050_001F7B6BD051_PASS.txt
TN-86_PICO-IMX7,2026-01-07,13:21:03,513126020067,001F7B6BD044_001F7B6BD045,PASS,20260107_132103_513126020067_001F7B6BD044_001F7B6BD045_PASS.txt
TN-86_PICO-IMX7,2026-01-07,13:22:39,513126020069,001F7B6BD048_001F7B6BD049,PASS,20260107_132239_513126020069_001F7B6BD048_001F7B6BD049_PASS.txt
TN-86_PICO-IMX7,2026-01-07,13:23:30,513126020091,001F7B6BD074_001F7B6BD075,PASS,20260107_132330_513126020091_001F7B6BD074_001F7B6BD075_PASS.txt
TN-86_PICO-IMX7,2026-01-07,13:25:00,513126020298,001F7B6BD212_001F7B6BD213,PASS,20260107_132500_513126020298_001F7B6BD212_001F7B6BD213_PASS.txt
TN-86_PICO-IMX7,2026-01-07,13:25:39,513126020070,001F7B6BD04A_001F7B6BD04B,PASS,20260107_132539_513126020070_001F7B6BD04A_001F7B6BD04B_PASS.txt
TN-86_PICO-IMX7,2026-01-07,13:26:50,513126020076,001F7B6BD056_001F7B6BD057,PASS,20260107_132650_513126020076_001F7B6BD056_001F7B6BD057_PASS.txt
TN-86_PICO-IMX7,2026-01-07,13:29:24,513126020098,001F7B6BD082_001F7B6BD083,PASS,20260107_132924_513126020098_001F7B6BD082_001F7B6BD083_PASS.txt
TN-86_PICO-IMX7,2026-01-07,13:30:20,513126020068,001F7B6BD046_001F7B6BD047,PASS,20260107_133020_513126020068_001F7B6BD046_001F7B6BD047_PASS.txt
TN-86_PICO-IMX7,2026-01-07,13:31:34,513126020102,001F7B6BD08A_001F7B6BD08B,PASS,20260107_133134_513126020102_001F7B6BD08A_001F7B6BD08B_PASS.txt
TN-86_PICO-IMX7,2026-01-07,13:31:59,513126020058,001F7B6BD032_001F7B6BD033,PASS,20260107_133159_513126020058_001F7B6BD032_001F7B6BD033_PASS.txt
TN-86_PICO-IMX7,2026-01-07,13:32:03,513126020099,001F7B6BD084_001F7B6BD085,PASS,20260107_133203_513126020099_001F7B6BD084_001F7B6BD085_PASS.txt
TN-86_PICO-IMX7,2026-01-07,13:35:14,513126020116,001F7B6BD0A6_001F7B6BD0A7,PASS,20260107_133514_513126020116_001F7B6BD0A6_001F7B6BD0A7_PASS.txt
TN-86_PICO-IMX7,2026-01-07,13:39:01,513126020088,001F7B6BD06E_001F7B6BD06F,PASS,20260107_133901_513126020088_001F7B6BD06E_001F7B6BD06F_PASS.txt
TN-86_PICO-IMX7,2026-01-07,13:39:34,513126020095,001F7B6BD07C_001F7B6BD07D,PASS,20260107_133934_513126020095_001F7B6BD07C_001F7B6BD07D_PASS.txt
TN-86_PICO-IMX7,2026-01-07,13:41:36,513126020090,001F7B6BD072_001F7B6BD073,PASS,20260107_134136_513126020090_001F7B6BD072_001F7B6BD073_PASS.txt
TN-86_PICO-IMX7,2026-01-07,13:52:59,513126020077,001F7B6BD058_001F7B6BD059,PASS,20260107_135259_513126020077_001F7B6BD058_001F7B6BD059_PASS.txt
TN-86_PICO-IMX7,2026-01-07,13:55:26,513126020028,001F7B6BCFF6_001F7B6BCFF7,PASS,20260107_135526_513126020028_001F7B6BCFF6_001F7B6BCFF7_PASS.txt
TN-86_PICO-IMX7,2026-01-07,13:59:48,513126020030,001F7B6BCFFA_001F7B6BCFFB,PASS,20260107_135948_513126020030_001F7B6BCFFA_001F7B6BCFFB_PASS.txt
TN-86_PICO-IMX7,2026-01-07,14:02:05,513126020097,001F7B6BD080_001F7B6BD081,PASS,20260107_140205_513126020097_001F7B6BD080_001F7B6BD081_PASS.txt
TN-86_PICO-IMX7,2026-01-07,14:07:50,513126020107,001F7B6BD094_001F7B6BD095,PASS,20260107_140750_513126020107_001F7B6BD094_001F7B6BD095_PASS.txt
TN-86_PICO-IMX7,2026-01-07,14:09:39,513126020082,001F7B6BD062_001F7B6BD063,PASS,20260107_140939_513126020082_001F7B6BD062_001F7B6BD063_PASS.txt
TN-86_PICO-IMX7,2026-01-07,14:10:14,513126020083,001F7B6BD064_001F7B6BD065,PASS,20260107_141014_513126020083_001F7B6BD064_001F7B6BD065_PASS.txt
TN-86_PICO-IMX7,2026-01-07,14:12:40,513126020106,001F7B6BD092_001F7B6BD093,PASS,20260107_141240_513126020106_001F7B6BD092_001F7B6BD093_PASS.txt
TN-86_PICO-IMX7,2026-01-07,14:13:59,513126020105,001F7B6BD090_001F7B6BD091,PASS,20260107_141359_513126020105_001F7B6BD090_001F7B6BD091_PASS.txt
TN-86_PICO-IMX7,2026-01-07,14:15:56,513126020087,001F7B6BD06C_001F7B6BD06D,PASS,20260107_141556_513126020087_001F7B6BD06C_001F7B6BD06D_PASS.txt
TN-86_PICO-IMX7,2026-01-07,14:16:30,513126020112,001F7B6BD09E_001F7B6BD09F,PASS,20260107_141630_513126020112_001F7B6BD09E_001F7B6BD09F_PASS.txt
TN-86_PICO-IMX7,2026-01-07,14:17:09,513126020113,001F7B6BD0A0_001F7B6BD0A1,PASS,20260107_141709_513126020113_001F7B6BD0A0_001F7B6BD0A1_PASS.txt
TN-86_PICO-IMX7,2026-01-07,14:24:15,513126020080,001F7B6BD05E_001F7B6BD05F,PASS,20260107_142415_513126020080_001F7B6BD05E_001F7B6BD05F_PASS.txt
TN-86_PICO-IMX7,2026-01-07,14:26:22,513126020085,001F7B6BD068_001F7B6BD069,FAIL,20260107_142622_513126020085_001F7B6BD068_001F7B6BD069_FAIL.txt
TN-86_PICO-IMX7,2026-01-07,14:26:42,513126020114,001F7B6BD0A2_001F7B6BD0A3,FAIL,20260107_142642_513126020114_001F7B6BD0A2_001F7B6BD0A3_FAIL.txt
TN-86_PICO-IMX7,2026-01-07,14:27:16,513126020096,001F7B6BD07E_001F7B6BD07F,PASS,20260107_142716_513126020096_001F7B6BD07E_001F7B6BD07F_PASS.txt
TN-86_PICO-IMX7,2026-01-07,14:28:04,513126020127,001F7B6BD0BC_001F7B6BD0BD,FAIL,20260107_142804_513126020127_001F7B6BD0BC_001F7B6BD0BD_FAIL.txt
TN-86_PICO-IMX7,2026-01-07,14:28:55,513126020124,001F7B6BD0B6_001F7B6BD0B7,FAIL,20260107_142855_513126020124_001F7B6BD0B6_001F7B6BD0B7_FAIL.txt
TN-86_PICO-IMX7,2026-01-07,14:33:21,513126020094,001F7B6BD07A_001F7B6BD07B,PASS,20260107_143321_513126020094_001F7B6BD07A_001F7B6BD07B_PASS.txt
TN-86_PICO-IMX7,2026-01-07,14:34:11,513126020110,001F7B6BD09A_001F7B6BD09B,PASS,20260107_143411_513126020110_001F7B6BD09A_001F7B6BD09B_PASS.txt
TN-86_PICO-IMX7,2026-01-07,14:34:21,513126020135,001F7B6BD0CC_001F7B6BD0CD,PASS,20260107_143421_513126020135_001F7B6BD0CC_001F7B6BD0CD_PASS.txt
TN-86_PICO-IMX7,2026-01-07,14:35:31,513126020115,001F7B6BD0A4_001F7B6BD0A5,PASS,20260107_143531_513126020115_001F7B6BD0A4_001F7B6BD0A5_PASS.txt
TN-86_PICO-IMX7,2026-01-07,14:36:39,513126020084,001F7B6BD066_001F7B6BD067,PASS,20260107_143639_513126020084_001F7B6BD066_001F7B6BD067_PASS.txt
TN-86_PICO-IMX7,2026-01-07,14:37:46,513126020109,001F7B6BD098_001F7B6BD099,PASS,20260107_143746_513126020109_001F7B6BD098_001F7B6BD099_PASS.txt
TN-86_PICO-IMX7,2026-01-07,14:39:44,513126020123,001F7B6BD0B4_001F7B6BD0B5,PASS,20260107_143944_513126020123_001F7B6BD0B4_001F7B6BD0B5_PASS.txt
TN-86_PICO-IMX7,2026-01-07,14:40:37,513126020126,001F7B6BD0BA_001F7B6BD0BB,PASS,20260107_144037_513126020126_001F7B6BD0BA_001F7B6BD0BB_PASS.txt
TN-86_PICO-IMX7,2026-01-07,14:40:37,513126020129,001F7B6BD0C0_001F7B6BD0C1,PASS,20260107_144037_513126020129_001F7B6BD0C0_001F7B6BD0C1_PASS.txt
TN-86_PICO-IMX7,2026-01-07,14:44:28,513126020128,001F7B6BD0BE_001F7B6BD0BF,PASS,20260107_144428_513126020128_001F7B6BD0BE_001F7B6BD0BF_PASS.txt
TN-86_PICO-IMX7,2026-01-07,14:44:51,513126020111,001F7B6BD09C_001F7B6BD09D,PASS,20260107_144451_513126020111_001F7B6BD09C_001F7B6BD09D_PASS.txt
TN-86_PICO-IMX7,2026-01-07,14:49:59,513126020015,001F7B6BCFDC_001F7B6BCFDD,PASS,20260107_144959_513126020015_001F7B6BCFDC_001F7B6BCFDD_PASS.txt
TN-86_PICO-IMX7,2026-01-07,14:50:51,513126020254,001F7B6BD1BA_001F7B6BD1BB,PASS,20260107_145051_513126020254_001F7B6BD1BA_001F7B6BD1BB_PASS.txt
TN-86_PICO-IMX7,2026-01-07,14:51:29,513126020013,001F7B6BCFD8_001F7B6BCFD9,PASS,20260107_145129_513126020013_001F7B6BCFD8_001F7B6BCFD9_PASS.txt
TN-86_PICO-IMX7,2026-01-07,14:51:31,513126020133,001F7B6BD0C8_001F7B6BD0C9,PASS,20260107_145131_513126020133_001F7B6BD0C8_001F7B6BD0C9_PASS.txt
TN-86_PICO-IMX7,2026-01-07,14:53:13,513126020011,001F7B6BCFD4_001F7B6BCFD5,PASS,20260107_145313_513126020011_001F7B6BCFD4_001F7B6BCFD5_PASS.txt
TN-86_PICO-IMX7,2026-01-07,14:53:44,513126020108,001F7B6BD096_001F7B6BD097,PASS,20260107_145344_513126020108_001F7B6BD096_001F7B6BD097_PASS.txt
TN-86_PICO-IMX7,2026-01-07,14:54:24,513126020142,001F7B6BD0DA_001F7B6BD0DB,PASS,20260107_145424_513126020142_001F7B6BD0DA_001F7B6BD0DB_PASS.txt
TN-86_PICO-IMX7,2026-01-07,14:56:22,513126020138,001F7B6BD0D2_001F7B6BD0D3,PASS,20260107_145622_513126020138_001F7B6BD0D2_001F7B6BD0D3_PASS.txt
TN-86_PICO-IMX7,2026-01-07,15:00:04,513126020117,001F7B6BD0A8_001F7B6BD0A9,PASS,20260107_150004_513126020117_001F7B6BD0A8_001F7B6BD0A9_PASS.txt
TN-86_PICO-IMX7,2026-01-07,15:01:36,513126020144,001F7B6BD0DE_001F7B6BD0DF,PASS,20260107_150136_513126020144_001F7B6BD0DE_001F7B6BD0DF_PASS.txt
TN-86_PICO-IMX7,2026-01-07,15:02:14,513126020122,001F7B6BD0B2_001F7B6BD0B3,PASS,20260107_150214_513126020122_001F7B6BD0B2_001F7B6BD0B3_PASS.txt
TN-86_PICO-IMX7,2026-01-07,15:02:55,513126020137,001F7B6BD0D0_001F7B6BD0D1,PASS,20260107_150255_513126020137_001F7B6BD0D0_001F7B6BD0D1_PASS.txt
TN-86_PICO-IMX7,2026-01-07,15:04:28,513126020141,001F7B6BD0D8_001F7B6BD0D9,PASS,20260107_150428_513126020141_001F7B6BD0D8_001F7B6BD0D9_PASS.txt
TN-86_PICO-IMX7,2026-01-07,15:06:05,513126020266,001F7B6BD1D2_001F7B6BD1D3,PASS,20260107_150605_513126020266_001F7B6BD1D2_001F7B6BD1D3_PASS.txt
TN-86_PICO-IMX7,2026-01-07,15:07:43,513126020206,001F7B6BD15A_001F7B6BD15B,PASS,20260107_150743_513126020206_001F7B6BD15A_001F7B6BD15B_PASS.txt
TN-86_PICO-IMX7,2026-01-07,15:11:00,513126020256,001F7B6BD1BE_001F7B6BD1BF,PASS,20260107_151100_513126020256_001F7B6BD1BE_001F7B6BD1BF_PASS.txt
TN-86_PICO-IMX7,2026-01-07,15:12:13,513126020146,001F7B6BD0E2_001F7B6BD0E3,PASS,20260107_151213_513126020146_001F7B6BD0E2_001F7B6BD0E3_PASS.txt
TN-86_PICO-IMX7,2026-01-07,15:15:27,513126020205,001F7B6BD158_001F7B6BD159,PASS,20260107_151527_513126020205_001F7B6BD158_001F7B6BD159_PASS.txt
TN-86_PICO-IMX7,2026-01-07,15:15:30,513126020119,001F7B6BD0AC_001F7B6BD0AD,PASS,20260107_151530_513126020119_001F7B6BD0AC_001F7B6BD0AD_PASS.txt
TN-86_PICO-IMX7,2026-01-07,15:15:48,513126020147,001F7B6BD0E4_001F7B6BD0E5,PASS,20260107_151548_513126020147_001F7B6BD0E4_001F7B6BD0E5_PASS.txt
TN-86_PICO-IMX7,2026-01-07,15:19:54,513126020148,001F7B6BD0E6_001F7B6BD0E7,PASS,20260107_151954_513126020148_001F7B6BD0E6_001F7B6BD0E7_PASS.txt
TN-86_PICO-IMX7,2026-01-07,15:22:59,513126020153,001F7B6BD0F0_001F7B6BD0F1,PASS,20260107_152259_513126020153_001F7B6BD0F0_001F7B6BD0F1_PASS.txt
TN-86_PICO-IMX7,2026-01-07,15:23:08,513126020140,001F7B6BD0D6_001F7B6BD0D7,PASS,20260107_152308_513126020140_001F7B6BD0D6_001F7B6BD0D7_PASS.txt
TN-86_PICO-IMX7,2026-01-07,15:25:33,513126020016,001F7B6BCFDE_001F7B6BCFDF,PASS,20260107_152533_513126020016_001F7B6BCFDE_001F7B6BCFDF_PASS.txt
TN-86_PICO-IMX7,2026-01-07,15:33:21,513126020118,001F7B6BD0AA_001F7B6BD0AB,PASS,20260107_153321_513126020118_001F7B6BD0AA_001F7B6BD0AB_PASS.txt
TN-86_PICO-IMX7,2026-01-07,15:34:12,513126020265,001F7B6BD1D0_001F7B6BD1D1,PASS,20260107_153412_513126020265_001F7B6BD1D0_001F7B6BD1D1_PASS.txt
TN-86_PICO-IMX7,2026-01-07,15:35:14,513126020139,001F7B6BD0D4_001F7B6BD0D5,PASS,20260107_153514_513126020139_001F7B6BD0D4_001F7B6BD0D5_PASS.txt
TN-86_PICO-IMX7,2026-01-07,15:37:08,513126020267,001F7B6BD1D4_001F7B6BD1D5,PASS,20260107_153708_513126020267_001F7B6BD1D4_001F7B6BD1D5_PASS.txt
TN-86_PICO-IMX7,2026-01-07,15:38:03,513126020136,001F7B6BD0CE_001F7B6BD0CF,PASS,20260107_153803_513126020136_001F7B6BD0CE_001F7B6BD0CF_PASS.txt
TN-86_PICO-IMX7,2026-01-07,15:39:08,513126020202,001F7B6BD152_001F7B6BD153,PASS,20260107_153908_513126020202_001F7B6BD152_001F7B6BD153_PASS.txt
TN-86_PICO-IMX7,2026-01-07,15:41:25,513126020255,001F7B6BD1BC_001F7B6BD1BD,PASS,20260107_154125_513126020255_001F7B6BD1BC_001F7B6BD1BD_PASS.txt
TN-86_PICO-IMX7,2026-01-07,15:41:55,513126020258,001F7B6BD1C2_001F7B6BD1C3,PASS,20260107_154155_513126020258_001F7B6BD1C2_001F7B6BD1C3_PASS.txt
TN-86_PICO-IMX7,2026-01-07,15:42:17,513126020264,001F7B6BD1CE_001F7B6BD1CF,PASS,20260107_154217_513126020264_001F7B6BD1CE_001F7B6BD1CF_PASS.txt
TN-86_PICO-IMX7,2026-01-07,15:42:42,513126020204,001F7B6BD156_001F7B6BD157,PASS,20260107_154242_513126020204_001F7B6BD156_001F7B6BD157_PASS.txt
TN-86_PICO-IMX7,2026-01-07,15:43:13,513126020262,001F7B6BD1CA_001F7B6BD1CB,PASS,20260107_154313_513126020262_001F7B6BD1CA_001F7B6BD1CB_PASS.txt
TN-86_PICO-IMX7,2026-01-07,15:45:35,513126020261,001F7B6BD1C8_001F7B6BD1C9,PASS,20260107_154535_513126020261_001F7B6BD1C8_001F7B6BD1C9_PASS.txt
TN-86_PICO-IMX7,2026-01-07,15:49:44,513126020180,001F7B6BD126_001F7B6BD127,PASS,20260107_154944_513126020180_001F7B6BD126_001F7B6BD127_PASS.txt
TN-86_PICO-IMX7,2026-01-07,15:50:16,513126020252,001F7B6BD1B6_001F7B6BD1B7,PASS,20260107_155016_513126020252_001F7B6BD1B6_001F7B6BD1B7_PASS.txt
TN-86_PICO-IMX7,2026-01-07,15:51:04,513126020203,001F7B6BD154_001F7B6BD155,PASS,20260107_155104_513126020203_001F7B6BD154_001F7B6BD155_PASS.txt
TN-86_PICO-IMX7,2026-01-07,15:51:53,513126020178,001F7B6BD122_001F7B6BD123,PASS,20260107_155153_513126020178_001F7B6BD122_001F7B6BD123_PASS.txt
TN-86_PICO-IMX7,2026-01-07,15:55:16,513126020182,001F7B6BD12A_001F7B6BD12B,PASS,20260107_155516_513126020182_001F7B6BD12A_001F7B6BD12B_PASS.txt
TN-86_PICO-IMX7,2026-01-07,15:58:01,513126020250,001F7B6BD1B2_001F7B6BD1B3,PASS,20260107_155801_513126020250_001F7B6BD1B2_001F7B6BD1B3_PASS.txt
TN-86_PICO-IMX7,2026-01-07,16:00:04,513126020251,001F7B6BD1B4_001F7B6BD1B5,PASS,20260107_160004_513126020251_001F7B6BD1B4_001F7B6BD1B5_PASS.txt
TN-86_PICO-IMX7,2026-01-07,16:01:29,513126020263,001F7B6BD1CC_001F7B6BD1CD,PASS,20260107_160129_513126020263_001F7B6BD1CC_001F7B6BD1CD_PASS.txt
TN-86_PICO-IMX7,2026-01-07,16:01:33,513126020007,001F7B6BCFCC_001F7B6BCFCD,PASS,20260107_160133_513126020007_001F7B6BCFCC_001F7B6BCFCD_PASS.txt
TN-86_PICO-IMX7,2026-01-07,16:03:19,513126020132,001F7B6BD0C6_001F7B6BD0C7,PASS,20260107_160319_513126020132_001F7B6BD0C6_001F7B6BD0C7_PASS.txt
TN-86_PICO-IMX7,2026-01-07,16:03:36,513126020014,001F7B6BCFDA_001F7B6BCFDB,PASS,20260107_160336_513126020014_001F7B6BCFDA_001F7B6BCFDB_PASS.txt
TN-86_PICO-IMX7,2026-01-07,16:03:41,513126020018,001F7B6BCFE2_001F7B6BCFE3,PASS,20260107_160341_513126020018_001F7B6BCFE2_001F7B6BCFE3_PASS.txt
TN-86_PICO-IMX7,2026-01-07,16:06:36,513126020008,001F7B6BCFCE_001F7B6BCFCF,PASS,20260107_160636_513126020008_001F7B6BCFCE_001F7B6BCFCF_PASS.txt
TN-86_PICO-IMX7,2026-01-07,16:12:00,513126020056,001F7B6BD02E_001F7B6BD02F,PASS,20260107_161200_513126020056_001F7B6BD02E_001F7B6BD02F_PASS.txt
TN-86_PICO-IMX7,2026-01-07,16:13:05,513126020064,001F7B6BD03E_001F7B6BD03F,PASS,20260107_161305_513126020064_001F7B6BD03E_001F7B6BD03F_PASS.txt
TN-86_PICO-IMX7,2026-01-07,16:13:57,513126020134,001F7B6BD0CA_001F7B6BD0CB,PASS,20260107_161357_513126020134_001F7B6BD0CA_001F7B6BD0CB_PASS.txt
TN-86_PICO-IMX7,2026-01-07,16:17:17,513126020173,001F7B6BD118_001F7B6BD119,PASS,20260107_161717_513126020173_001F7B6BD118_001F7B6BD119_PASS.txt
TN-86_PICO-IMX7,2026-01-07,16:17:51,513126020059,001F7B6BD034_001F7B6BD035,PASS,20260107_161751_513126020059_001F7B6BD034_001F7B6BD035_PASS.txt
TN-86_PICO-IMX7,2026-01-07,16:19:09,513126020207,001F7B6BD15C_001F7B6BD15D,PASS,20260107_161909_513126020207_001F7B6BD15C_001F7B6BD15D_PASS.txt
TN-86_PICO-IMX7,2026-01-07,16:19:22,513126020057,001F7B6BD030_001F7B6BD031,PASS,20260107_161922_513126020057_001F7B6BD030_001F7B6BD031_PASS.txt
TN-86_PICO-IMX7,2026-01-07,16:20:05,513126020010,001F7B6BCFD2_001F7B6BCFD3,PASS,20260107_162005_513126020010_001F7B6BCFD2_001F7B6BCFD3_PASS.txt
TN-86_PICO-IMX7,2026-01-07,16:21:13,513126020131,001F7B6BD0C4_001F7B6BD0C5,PASS,20260107_162113_513126020131_001F7B6BD0C4_001F7B6BD0C5_PASS.txt
TN-86_PICO-IMX7,2026-01-07,16:21:44,513126020130,001F7B6BD0C2_001F7B6BD0C3,PASS,20260107_162144_513126020130_001F7B6BD0C2_001F7B6BD0C3_PASS.txt
TN-86_PICO-IMX7,2026-01-07,16:23:26,513126020017,001F7B6BCFE0_001F7B6BCFE1,PASS,20260107_162326_513126020017_001F7B6BCFE0_001F7B6BCFE1_PASS.txt
TN-86_PICO-IMX7,2026-01-07,16:23:53,513126020009,001F7B6BCFD0_001F7B6BCFD1,PASS,20260107_162353_513126020009_001F7B6BCFD0_001F7B6BCFD1_PASS.txt
TN-86_PICO-IMX7,2026-01-07,16:26:46,513126020012,001F7B6BCFD6_001F7B6BCFD7,PASS,20260107_162646_513126020012_001F7B6BCFD6_001F7B6BCFD7_PASS.txt
TN-86_PICO-IMX7,2026-01-07,16:28:12,513126020162,001F7B6BD102_001F7B6BD103,PASS,20260107_162812_513126020162_001F7B6BD102_001F7B6BD103_PASS.txt
TN-86_PICO-IMX7,2026-01-07,16:28:36,513126020163,001F7B6BD104_001F7B6BD105,PASS,20260107_162836_513126020163_001F7B6BD104_001F7B6BD105_PASS.txt
TN-86_PICO-IMX7,2026-01-07,16:28:43,513126020187,001F7B6BD134_001F7B6BD135,PASS,20260107_162843_513126020187_001F7B6BD134_001F7B6BD135_PASS.txt
TN-86_PICO-IMX7,2026-01-07,16:28:52,513126020160,001F7B6BD0FE_001F7B6BD0FF,PASS,20260107_162852_513126020160_001F7B6BD0FE_001F7B6BD0FF_PASS.txt
TN-86_PICO-IMX7,2026-01-07,16:29:23,513126020186,001F7B6BD132_001F7B6BD133,PASS,20260107_162923_513126020186_001F7B6BD132_001F7B6BD133_PASS.txt
TN-86_PICO-IMX7,2026-01-07,16:30:23,513126020189,001F7B6BD138_001F7B6BD139,PASS,20260107_163023_513126020189_001F7B6BD138_001F7B6BD139_PASS.txt
TN-86_PICO-IMX7,2026-01-07,16:33:40,513126020145,001F7B6BD0E0_001F7B6BD0E1,PASS,20260107_163340_513126020145_001F7B6BD0E0_001F7B6BD0E1_PASS.txt
TN-86_PICO-IMX7,2026-01-07,16:33:45,513126020164,001F7B6BD106_001F7B6BD107,PASS,20260107_163345_513126020164_001F7B6BD106_001F7B6BD107_PASS.txt
TN-86_PICO-IMX7,2026-01-07,16:37:46,513126020170,001F7B6BD112_001F7B6BD113,PASS,20260107_163746_513126020170_001F7B6BD112_001F7B6BD113_PASS.txt
TN-86_PICO-IMX7,2026-01-07,16:40:16,513126020155,001F7B6BD0F4_001F7B6BD0F5,PASS,20260107_164016_513126020155_001F7B6BD0F4_001F7B6BD0F5_PASS.txt
TN-86_PICO-IMX7,2026-01-07,16:40:16,513126020185,001F7B6BD130_001F7B6BD131,PASS,20260107_164016_513126020185_001F7B6BD130_001F7B6BD131_PASS.txt
TN-86_PICO-IMX7,2026-01-07,16:42:09,513126020188,001F7B6BD136_001F7B6BD137,PASS,20260107_164209_513126020188_001F7B6BD136_001F7B6BD137_PASS.txt
TN-86_PICO-IMX7,2026-01-07,16:42:31,513126020120,001F7B6BD0AE_001F7B6BD0AF,PASS,20260107_164231_513126020120_001F7B6BD0AE_001F7B6BD0AF_PASS.txt
TN-86_PICO-IMX7,2026-01-07,16:42:35,513126020184,001F7B6BD12E_001F7B6BD12F,PASS,20260107_164235_513126020184_001F7B6BD12E_001F7B6BD12F_PASS.txt
TN-86_PICO-IMX7,2026-01-07,16:46:24,513126020143,001F7B6BD0DC_001F7B6BD0DD,PASS,20260107_164624_513126020143_001F7B6BD0DC_001F7B6BD0DD_PASS.txt
TN-86_PICO-IMX7,2026-01-07,16:48:06,513126020161,001F7B6BD100_001F7B6BD101,PASS,20260107_164806_513126020161_001F7B6BD100_001F7B6BD101_PASS.txt
TN-86_PICO-IMX7,2026-01-07,16:49:13,513126020121,001F7B6BD0B0_001F7B6BD0B1,PASS,20260107_164913_513126020121_001F7B6BD0B0_001F7B6BD0B1_PASS.txt
TN-86_PICO-IMX7,2026-01-07,16:49:47,513126020165,001F7B6BD108_001F7B6BD109,PASS,20260107_164947_513126020165_001F7B6BD108_001F7B6BD109_PASS.txt
TN-86_PICO-IMX7,2026-01-07,16:51:48,513126020171,001F7B6BD114_001F7B6BD115,PASS,20260107_165148_513126020171_001F7B6BD114_001F7B6BD115_PASS.txt
TN-86_PICO-IMX7,2026-01-07,16:55:00,513126020150,001F7B6BD0EA_001F7B6BD0EB,PASS,20260107_165500_513126020150_001F7B6BD0EA_001F7B6BD0EB_PASS.txt
TN-86_PICO-IMX7,2026-01-07,16:56:27,513126020149,001F7B6BD0E8_001F7B6BD0E9,PASS,20260107_165627_513126020149_001F7B6BD0E8_001F7B6BD0E9_PASS.txt
TN-86_PICO-IMX7,2026-01-07,16:56:45,513126020152,001F7B6BD0EE_001F7B6BD0EF,PASS,20260107_165645_513126020152_001F7B6BD0EE_001F7B6BD0EF_PASS.txt
TN-86_PICO-IMX7,2026-01-07,17:02:42,513126020400,001F7B6BD2DE_001F7B6BD2DF,PASS,20260107_170242_513126020400_001F7B6BD2DE_001F7B6BD2DF_PASS.txt
TN-86_PICO-IMX7,2026-01-07,17:03:03,513126020169,001F7B6BD110_001F7B6BD111,PASS,20260107_170303_513126020169_001F7B6BD110_001F7B6BD111_PASS.txt
TN-86_PICO-IMX7,2026-01-07,17:04:55,513126020401,001F7B6BD2E0_001F7B6BD2E1,PASS,20260107_170455_513126020401_001F7B6BD2E0_001F7B6BD2E1_PASS.txt
TN-86_PICO-IMX7,2026-01-07,17:05:21,513126020151,001F7B6BD0EC_001F7B6BD0ED,PASS,20260107_170521_513126020151_001F7B6BD0EC_001F7B6BD0ED_PASS.txt
TN-86_PICO-IMX7,2026-01-07,17:06:57,513126020549,001F7B6BD408_001F7B6BD409,PASS,20260107_170657_513126020549_001F7B6BD408_001F7B6BD409_PASS.txt
TN-86_PICO-IMX7,2026-01-07,17:16:49,513126020398,001F7B6BD2DA_001F7B6BD2DB,PASS,20260107_171649_513126020398_001F7B6BD2DA_001F7B6BD2DB_PASS.txt
TN-86_PICO-IMX7,2026-01-07,17:18:21,513126020397,001F7B6BD2D8_001F7B6BD2D9,PASS,20260107_171821_513126020397_001F7B6BD2D8_001F7B6BD2D9_PASS.txt
TN-86_PICO-IMX7,2026-01-07,17:18:54,513126020550,001F7B6BD40A_001F7B6BD40B,PASS,20260107_171854_513126020550_001F7B6BD40A_001F7B6BD40B_PASS.txt
TN-86_PICO-IMX7,2026-01-07,17:20:52,513126020393,001F7B6BD2D0_001F7B6BD2D1,PASS,20260107_172052_513126020393_001F7B6BD2D0_001F7B6BD2D1_PASS.txt
TN-86_PICO-IMX7,2026-01-07,17:21:27,513126020546,001F7B6BD402_001F7B6BD403,PASS,20260107_172127_513126020546_001F7B6BD402_001F7B6BD403_PASS.txt
TN-86_PICO-IMX7,2026-01-07,17:23:28,513126020396,001F7B6BD2D6_001F7B6BD2D7,PASS,20260107_172328_513126020396_001F7B6BD2D6_001F7B6BD2D7_PASS.txt
TN-86_PICO-IMX7,2026-01-07,17:24:02,513126020391,001F7B6BD2CC_001F7B6BD2CD,PASS,20260107_172402_513126020391_001F7B6BD2CC_001F7B6BD2CD_PASS.txt
TN-86_PICO-IMX7,2026-01-07,17:24:32,513126020394,001F7B6BD2D2_001F7B6BD2D3,PASS,20260107_172432_513126020394_001F7B6BD2D2_001F7B6BD2D3_PASS.txt
TN-86_PICO-IMX7,2026-01-07,17:28:03,513126020395,001F7B6BD2D4_001F7B6BD2D5,PASS,20260107_172803_513126020395_001F7B6BD2D4_001F7B6BD2D5_PASS.txt
TN-86_PICO-IMX7,2026-01-07,17:30:12,513126020547,001F7B6BD404_001F7B6BD405,PASS,20260107_173012_513126020547_001F7B6BD404_001F7B6BD405_PASS.txt
TN-86_PICO-IMX7,2026-01-07,17:31:56,513126020551,001F7B6BD40C_001F7B6BD40D,PASS,20260107_173156_513126020551_001F7B6BD40C_001F7B6BD40D_PASS.txt
TN-86_PICO-IMX7,2026-01-07,17:32:51,513126020570,001F7B6BD432_001F7B6BD433,PASS,20260107_173251_513126020570_001F7B6BD432_001F7B6BD433_PASS.txt
TN-86_PICO-IMX7,2026-01-07,17:33:56,513126020568,001F7B6BD42E_001F7B6BD42F,PASS,20260107_173356_513126020568_001F7B6BD42E_001F7B6BD42F_PASS.txt
TN-86_PICO-IMX7,2026-01-07,17:34:29,513126020392,001F7B6BD2CE_001F7B6BD2CF,PASS,20260107_173429_513126020392_001F7B6BD2CE_001F7B6BD2CF_PASS.txt
TN-86_PICO-IMX7,2026-01-07,17:36:11,513126020548,001F7B6BD406_001F7B6BD407,PASS,20260107_173611_513126020548_001F7B6BD406_001F7B6BD407_PASS.txt
TN-86_PICO-IMX7,2026-01-07,17:38:26,513126020569,001F7B6BD430_001F7B6BD431,PASS,20260107_173826_513126020569_001F7B6BD430_001F7B6BD431_PASS.txt
TN-86_PICO-IMX7,2026-01-07,17:45:34,513126020567,001F7B6BD42C_001F7B6BD42D,PASS,20260107_174534_513126020567_001F7B6BD42C_001F7B6BD42D_PASS.txt
TN-86_PICO-IMX7,2026-01-07,17:46:43,513126020564,001F7B6BD426_001F7B6BD427,PASS,20260107_174643_513126020564_001F7B6BD426_001F7B6BD427_PASS.txt
TN-86_PICO-IMX7,2026-01-07,17:48:31,513126020566,001F7B6BD42A_001F7B6BD42B,PASS,20260107_174831_513126020566_001F7B6BD42A_001F7B6BD42B_PASS.txt
TN-86_PICO-IMX7,2026-01-07,17:49:03,513126020563,001F7B6BD424_001F7B6BD425,PASS,20260107_174903_513126020563_001F7B6BD424_001F7B6BD425_PASS.txt
TN-86_PICO-IMX7,2026-01-07,17:51:07,513126020560,001F7B6BD41E_001F7B6BD41F,PASS,20260107_175107_513126020560_001F7B6BD41E_001F7B6BD41F_PASS.txt
TN-86_PICO-IMX7,2026-01-07,17:56:36,513126020556,001F7B6BD416_001F7B6BD417,PASS,20260107_175636_513126020556_001F7B6BD416_001F7B6BD417_PASS.txt
TN-86_PICO-IMX7,2026-01-07,17:59:41,513126020557,001F7B6BD418_001F7B6BD419,PASS,20260107_175941_513126020557_001F7B6BD418_001F7B6BD419_PASS.txt
TN-86_PICO-IMX7,2026-01-07,17:59:43,513126020558,001F7B6BD41A_001F7B6BD41B,PASS,20260107_175943_513126020558_001F7B6BD41A_001F7B6BD41B_PASS.txt
TN-86_PICO-IMX7,2026-01-07,18:00:48,513126020562,001F7B6BD422_001F7B6BD423,PASS,20260107_180048_513126020562_001F7B6BD422_001F7B6BD423_PASS.txt
TN-86_PICO-IMX7,2026-01-07,18:04:09,513126020555,001F7B6BD414_001F7B6BD415,PASS,20260107_180409_513126020555_001F7B6BD414_001F7B6BD415_PASS.txt
TN-86_PICO-IMX7,2026-01-07,18:07:52,513126020525,001F7B6BD3D8_001F7B6BD3D9,PASS,20260107_180752_513126020525_001F7B6BD3D8_001F7B6BD3D9_PASS.txt
TN-86_PICO-IMX7,2026-01-07,18:08:15,513126020552,001F7B6BD40E_001F7B6BD40F,PASS,20260107_180815_513126020552_001F7B6BD40E_001F7B6BD40F_PASS.txt
TN-86_PICO-IMX7,2026-01-07,18:08:26,513126020553,001F7B6BD410_001F7B6BD411,PASS,20260107_180826_513126020553_001F7B6BD410_001F7B6BD411_PASS.txt
TN-86_PICO-IMX7,2026-01-07,18:08:55,513126020559,001F7B6BD41C_001F7B6BD41D,PASS,20260107_180855_513126020559_001F7B6BD41C_001F7B6BD41D_PASS.txt
TN-86_PICO-IMX7,2026-01-07,18:09:26,513126020561,001F7B6BD420_001F7B6BD421,FAIL,20260107_180926_513126020561_001F7B6BD420_001F7B6BD421_FAIL.txt
TN-86_PICO-IMX7,2026-01-07,18:12:08,513126020527,001F7B6BD3DC_001F7B6BD3DD,PASS,20260107_181208_513126020527_001F7B6BD3DC_001F7B6BD3DD_PASS.txt
TN-86_PICO-IMX7,2026-01-07,18:12:52,513126020565,001F7B6BD428_001F7B6BD429,PASS,20260107_181252_513126020565_001F7B6BD428_001F7B6BD429_PASS.txt
TN-86_PICO-IMX7,2026-01-07,18:14:57,513126020522,001F7B6BD3D2_001F7B6BD3D3,PASS,20260107_181457_513126020522_001F7B6BD3D2_001F7B6BD3D3_PASS.txt
TN-86_PICO-IMX7,2026-01-07,18:16:26,513126020462,001F7B6BD35A_001F7B6BD35B,PASS,20260107_181626_513126020462_001F7B6BD35A_001F7B6BD35B_PASS.txt
TN-86_PICO-IMX7,2026-01-07,18:17:08,513126020554,001F7B6BD412_001F7B6BD413,PASS,20260107_181708_513126020554_001F7B6BD412_001F7B6BD413_PASS.txt
TN-86_PICO-IMX7,2026-01-07,18:20:09,513126020524,001F7B6BD3D6_001F7B6BD3D7,PASS,20260107_182009_513126020524_001F7B6BD3D6_001F7B6BD3D7_PASS.txt
TN-86_PICO-IMX7,2026-01-07,18:24:03,513126020414,001F7B6BD2FA_001F7B6BD2FB,PASS,20260107_182403_513126020414_001F7B6BD2FA_001F7B6BD2FB_PASS.txt
TN-86_PICO-IMX7,2026-01-07,18:24:34,513126020424,001F7B6BD30E_001F7B6BD30F,PASS,20260107_182434_513126020424_001F7B6BD30E_001F7B6BD30F_PASS.txt
TN-86_PICO-IMX7,2026-01-07,18:25:22,513126020420,001F7B6BD306_001F7B6BD307,PASS,20260107_182522_513126020420_001F7B6BD306_001F7B6BD307_PASS.txt
TN-86_PICO-IMX7,2026-01-07,18:27:22,513126020526,001F7B6BD3DA_001F7B6BD3DB,PASS,20260107_182722_513126020526_001F7B6BD3DA_001F7B6BD3DB_PASS.txt
TN-86_PICO-IMX7,2026-01-07,18:30:18,513126020425,001F7B6BD310_001F7B6BD311,PASS,20260107_183018_513126020425_001F7B6BD310_001F7B6BD311_PASS.txt
TN-86_PICO-IMX7,2026-01-07,18:32:35,513126020422,001F7B6BD30A_001F7B6BD30B,PASS,20260107_183235_513126020422_001F7B6BD30A_001F7B6BD30B_PASS.txt
TN-86_PICO-IMX7,2026-01-07,18:34:00,513126020423,001F7B6BD30C_001F7B6BD30D,PASS,20260107_183400_513126020423_001F7B6BD30C_001F7B6BD30D_PASS.txt
TN-86_PICO-IMX7,2026-01-07,18:36:19,513126020417,001F7B6BD300_001F7B6BD301,PASS,20260107_183619_513126020417_001F7B6BD300_001F7B6BD301_PASS.txt
TN-86_PICO-IMX7,2026-01-07,18:36:27,513126020418,001F7B6BD302_001F7B6BD303,PASS,20260107_183627_513126020418_001F7B6BD302_001F7B6BD303_PASS.txt
TN-86_PICO-IMX7,2026-01-07,18:36:31,513126020453,001F7B6BD348_001F7B6BD349,PASS,20260107_183631_513126020453_001F7B6BD348_001F7B6BD349_PASS.txt
TN-86_PICO-IMX7,2026-01-07,18:38:48,513126020416,001F7B6BD2FE_001F7B6BD2FF,PASS,20260107_183848_513126020416_001F7B6BD2FE_001F7B6BD2FF_PASS.txt
TN-86_PICO-IMX7,2026-01-07,18:41:16,513126020421,001F7B6BD308_001F7B6BD309,PASS,20260107_184116_513126020421_001F7B6BD308_001F7B6BD309_PASS.txt
TN-86_PICO-IMX7,2026-01-07,18:46:43,513126020415,001F7B6BD2FC_001F7B6BD2FD,PASS,20260107_184643_513126020415_001F7B6BD2FC_001F7B6BD2FD_PASS.txt
TN-86_PICO-IMX7,2026-01-07,18:49:15,513126020451,001F7B6BD344_001F7B6BD345,PASS,20260107_184915_513126020451_001F7B6BD344_001F7B6BD345_PASS.txt
TN-86_PICO-IMX7,2026-01-07,18:50:27,513126020455,001F7B6BD34C_001F7B6BD34D,PASS,20260107_185027_513126020455_001F7B6BD34C_001F7B6BD34D_PASS.txt
TN-86_PICO-IMX7,2026-01-07,18:51:46,513126020464,001F7B6BD35E_001F7B6BD35F,PASS,20260107_185146_513126020464_001F7B6BD35E_001F7B6BD35F_PASS.txt
TN-86_PICO-IMX7,2026-01-07,18:52:54,513126020419,001F7B6BD304_001F7B6BD305,PASS,20260107_185254_513126020419_001F7B6BD304_001F7B6BD305_PASS.txt
TN-86_PICO-IMX7,2026-01-07,18:54:01,513126020452,001F7B6BD346_001F7B6BD347,PASS,20260107_185401_513126020452_001F7B6BD346_001F7B6BD347_PASS.txt
TN-86_PICO-IMX7,2026-01-07,18:55:05,513126020454,001F7B6BD34A_001F7B6BD34B,PASS,20260107_185505_513126020454_001F7B6BD34A_001F7B6BD34B_PASS.txt
TN-86_PICO-IMX7,2026-01-07,18:57:37,513126020431,001F7B6BD31C_001F7B6BD31D,PASS,20260107_185737_513126020431_001F7B6BD31C_001F7B6BD31D_PASS.txt
TN-86_PICO-IMX7,2026-01-07,18:58:56,513126020463,001F7B6BD35C_001F7B6BD35D,PASS,20260107_185856_513126020463_001F7B6BD35C_001F7B6BD35D_PASS.txt
TN-86_PICO-IMX7,2026-01-07,19:00:06,513126020430,001F7B6BD31A_001F7B6BD31B,PASS,20260107_190006_513126020430_001F7B6BD31A_001F7B6BD31B_PASS.txt
TN-86_PICO-IMX7,2026-01-07,19:01:20,513126020429,001F7B6BD318_001F7B6BD319,PASS,20260107_190120_513126020429_001F7B6BD318_001F7B6BD319_PASS.txt
TN-86_PICO-IMX7,2026-01-07,19:01:52,513126020428,001F7B6BD316_001F7B6BD317,PASS,20260107_190152_513126020428_001F7B6BD316_001F7B6BD317_PASS.txt
TN-86_PICO-IMX7,2026-01-07,19:02:31,513126020450,001F7B6BD342_001F7B6BD343,PASS,20260107_190231_513126020450_001F7B6BD342_001F7B6BD343_PASS.txt
TN-86_PICO-IMX7,2026-01-07,19:03:31,513126020411,001F7B6BD2F4_001F7B6BD2F5,PASS,20260107_190331_513126020411_001F7B6BD2F4_001F7B6BD2F5_PASS.txt
TN-86_PICO-IMX7,2026-01-07,19:03:59,513126020427,001F7B6BD314_001F7B6BD315,PASS,20260107_190359_513126020427_001F7B6BD314_001F7B6BD315_PASS.txt
TN-86_PICO-IMX7,2026-01-07,19:05:02,513126020426,001F7B6BD312_001F7B6BD313,PASS,20260107_190502_513126020426_001F7B6BD312_001F7B6BD313_PASS.txt
TN-86_PICO-IMX7,2026-01-07,19:06:08,513126020413,001F7B6BD2F8_001F7B6BD2F9,PASS,20260107_190608_513126020413_001F7B6BD2F8_001F7B6BD2F9_PASS.txt
TN-86_PICO-IMX7,2026-01-07,19:07:45,513126020412,001F7B6BD2F6_001F7B6BD2F7,PASS,20260107_190745_513126020412_001F7B6BD2F6_001F7B6BD2F7_PASS.txt
TN-86_PICO-IMX7,2026-01-07,19:11:23,513126020410,001F7B6BD2F2_001F7B6BD2F3,PASS,20260107_191123_513126020410_001F7B6BD2F2_001F7B6BD2F3_PASS.txt
TN-86_PICO-IMX7,2026-01-07,19:11:48,513126020544,001F7B6BD3FE_001F7B6BD3FF,PASS,20260107_191148_513126020544_001F7B6BD3FE_001F7B6BD3FF_PASS.txt
TN-86_PICO-IMX7,2026-01-07,19:13:09,513126020409,001F7B6BD2F0_001F7B6BD2F1,PASS,20260107_191309_513126020409_001F7B6BD2F0_001F7B6BD2F1_PASS.txt
TN-86_PICO-IMX7,2026-01-07,19:15:23,513126020543,001F7B6BD3FC_001F7B6BD3FD,PASS,20260107_191523_513126020543_001F7B6BD3FC_001F7B6BD3FD_PASS.txt
TN-86_PICO-IMX7,2026-01-07,19:15:50,513126020540,001F7B6BD3F6_001F7B6BD3F7,PASS,20260107_191550_513126020540_001F7B6BD3F6_001F7B6BD3F7_PASS.txt
TN-86_PICO-IMX7,2026-01-07,19:16:21,513126020545,001F7B6BD400_001F7B6BD401,PASS,20260107_191621_513126020545_001F7B6BD400_001F7B6BD401_PASS.txt
TN-86_PICO-IMX7,2026-01-07,19:19:07,513126020408,001F7B6BD2EE_001F7B6BD2EF,PASS,20260107_191907_513126020408_001F7B6BD2EE_001F7B6BD2EF_PASS.txt
TN-86_PICO-IMX7,2026-01-07,19:20:36,513126020399,001F7B6BD2DC_001F7B6BD2DD,PASS,20260107_192036_513126020399_001F7B6BD2DC_001F7B6BD2DD_PASS.txt
TN-86_PICO-IMX7,2026-01-07,19:21:23,513126020542,001F7B6BD3FA_001F7B6BD3FB,PASS,20260107_192123_513126020542_001F7B6BD3FA_001F7B6BD3FB_PASS.txt
TN-86_PICO-IMX7,2026-01-07,19:23:25,513126020507,001F7B6BD3B4_001F7B6BD3B5,PASS,20260107_192325_513126020507_001F7B6BD3B4_001F7B6BD3B5_PASS.txt
TN-86_PICO-IMX7,2026-01-07,19:24:17,513126020499,001F7B6BD3A4_001F7B6BD3A5,PASS,20260107_192417_513126020499_001F7B6BD3A4_001F7B6BD3A5_PASS.txt
TN-86_PICO-IMX7,2026-01-07,19:24:54,513126020541,001F7B6BD3F8_001F7B6BD3F9,PASS,20260107_192454_513126020541_001F7B6BD3F8_001F7B6BD3F9_PASS.txt
TN-86_PICO-IMX7,2026-01-07,19:25:24,513126020509,001F7B6BD3B8_001F7B6BD3B9,PASS,20260107_192524_513126020509_001F7B6BD3B8_001F7B6BD3B9_PASS.txt
TN-86_PICO-IMX7,2026-01-07,19:27:06,513126020504,001F7B6BD3AE_001F7B6BD3AF,PASS,20260107_192706_513126020504_001F7B6BD3AE_001F7B6BD3AF_PASS.txt
TN-86_PICO-IMX7,2026-01-07,19:27:14,513126020373,001F7B6BD2A8_001F7B6BD2A9,PASS,20260107_192714_513126020373_001F7B6BD2A8_001F7B6BD2A9_PASS.txt
TN-86_PICO-IMX7,2026-01-07,19:27:47,513126020498,001F7B6BD3A2_001F7B6BD3A3,PASS,20260107_192747_513126020498_001F7B6BD3A2_001F7B6BD3A3_PASS.txt
TN-86_PICO-IMX7,2026-01-08,08:34:49,513126020506,001F7B6BD3B2_001F7B6BD3B3,PASS,20260108_083449_513126020506_001F7B6BD3B2_001F7B6BD3B3_PASS.txt
TN-86_PICO-IMX7,2026-01-08,08:36:51,513126020505,001F7B6BD3B0_001F7B6BD3B1,PASS,20260108_083651_513126020505_001F7B6BD3B0_001F7B6BD3B1_PASS.txt
TN-86_PICO-IMX7,2026-01-08,08:37:41,513126020376,001F7B6BD2AE_001F7B6BD2AF,PASS,20260108_083741_513126020376_001F7B6BD2AE_001F7B6BD2AF_PASS.txt
TN-86_PICO-IMX7,2026-01-08,08:40:57,513126020500,001F7B6BD3A6_001F7B6BD3A7,PASS,20260108_084057_513126020500_001F7B6BD3A6_001F7B6BD3A7_PASS.txt
TN-86_PICO-IMX7,2026-01-08,08:42:32,513126020385,001F7B6BD2C0_001F7B6BD2C1,PASS,20260108_084232_513126020385_001F7B6BD2C0_001F7B6BD2C1_PASS.txt
TN-86_PICO-IMX7,2026-01-08,08:43:14,513126020377,001F7B6BD2B0_001F7B6BD2B1,PASS,20260108_084314_513126020377_001F7B6BD2B0_001F7B6BD2B1_PASS.txt
TN-86_PICO-IMX7,2026-01-08,08:43:39,513126020375,001F7B6BD2AC_001F7B6BD2AD,PASS,20260108_084339_513126020375_001F7B6BD2AC_001F7B6BD2AD_PASS.txt
TN-86_PICO-IMX7,2026-01-08,08:45:29,513126020384,001F7B6BD2BE_001F7B6BD2BF,PASS,20260108_084529_513126020384_001F7B6BD2BE_001F7B6BD2BF_PASS.txt
TN-86_PICO-IMX7,2026-01-08,08:55:00,513126020382,001F7B6BD2BA_001F7B6BD2BB,PASS,20260108_085500_513126020382_001F7B6BD2BA_001F7B6BD2BB_PASS.txt
TN-86_PICO-IMX7,2026-01-08,08:55:36,513126020390,001F7B6BD2CA_001F7B6BD2CB,PASS,20260108_085536_513126020390_001F7B6BD2CA_001F7B6BD2CB_PASS.txt
TN-86_PICO-IMX7,2026-01-08,08:55:45,513126020389,001F7B6BD2C8_001F7B6BD2C9,PASS,20260108_085545_513126020389_001F7B6BD2C8_001F7B6BD2C9_PASS.txt
TN-86_PICO-IMX7,2026-01-08,08:55:52,513126020378,001F7B6BD2B2_001F7B6BD2B3,PASS,20260108_085552_513126020378_001F7B6BD2B2_001F7B6BD2B3_PASS.txt
TN-86_PICO-IMX7,2026-01-08,08:59:47,513126020383,001F7B6BD2BC_001F7B6BD2BD,PASS,20260108_085947_513126020383_001F7B6BD2BC_001F7B6BD2BD_PASS.txt
TN-86_PICO-IMX7,2026-01-08,09:00:36,513126020388,001F7B6BD2C6_001F7B6BD2C7,PASS,20260108_090036_513126020388_001F7B6BD2C6_001F7B6BD2C7_PASS.txt
TN-86_PICO-IMX7,2026-01-08,09:02:42,513126020593,001F7B6BD460_001F7B6BD461,PASS,20260108_090242_513126020593_001F7B6BD460_001F7B6BD461_PASS.txt
TN-86_PICO-IMX7,2026-01-08,09:03:28,513126020386,001F7B6BD2C2_001F7B6BD2C3,PASS,20260108_090328_513126020386_001F7B6BD2C2_001F7B6BD2C3_PASS.txt
TN-86_PICO-IMX7,2026-01-08,09:04:04,513126020379,001F7B6BD2B4_001F7B6BD2B5,PASS,20260108_090404_513126020379_001F7B6BD2B4_001F7B6BD2B5_PASS.txt
TN-86_PICO-IMX7,2026-01-08,09:04:14,513126020380,001F7B6BD2B6_001F7B6BD2B7,PASS,20260108_090414_513126020380_001F7B6BD2B6_001F7B6BD2B7_PASS.txt
TN-86_PICO-IMX7,2026-01-08,09:05:03,513126020387,001F7B6BD2C4_001F7B6BD2C5,PASS,20260108_090503_513126020387_001F7B6BD2C4_001F7B6BD2C5_PASS.txt
TN-86_PICO-IMX7,2026-01-08,09:08:10,513126020381,001F7B6BD2B8_001F7B6BD2B9,PASS,20260108_090810_513126020381_001F7B6BD2B8_001F7B6BD2B9_PASS.txt
TN-86_PICO-IMX7,2026-01-08,09:10:09,513126020571,001F7B6BD434_001F7B6BD435,PASS,20260108_091009_513126020571_001F7B6BD434_001F7B6BD435_PASS.txt
TN-86_PICO-IMX7,2026-01-08,09:11:17,513126020321,001F7B6BD240_001F7B6BD241,PASS,20260108_091117_513126020321_001F7B6BD240_001F7B6BD241_PASS.txt
TN-86_PICO-IMX7,2026-01-08,09:11:18,513126020374,001F7B6BD2AA_001F7B6BD2AB,PASS,20260108_091118_513126020374_001F7B6BD2AA_001F7B6BD2AB_PASS.txt
TN-86_PICO-IMX7,2026-01-08,09:14:37,513126020589,001F7B6BD458_001F7B6BD459,PASS,20260108_091437_513126020589_001F7B6BD458_001F7B6BD459_PASS.txt
TN-86_PICO-IMX7,2026-01-08,09:16:23,513126020588,001F7B6BD456_001F7B6BD457,PASS,20260108_091623_513126020588_001F7B6BD456_001F7B6BD457_PASS.txt
TN-86_PICO-IMX7,2026-01-08,09:21:45,513126020590,001F7B6BD45A_001F7B6BD45B,PASS,20260108_092145_513126020590_001F7B6BD45A_001F7B6BD45B_PASS.txt
TN-86_PICO-IMX7,2026-01-08,09:22:35,513126020585,001F7B6BD450_001F7B6BD451,PASS,20260108_092235_513126020585_001F7B6BD450_001F7B6BD451_PASS.txt
TN-86_PICO-IMX7,2026-01-08,09:23:48,513126020591,001F7B6BD45C_001F7B6BD45D,PASS,20260108_092348_513126020591_001F7B6BD45C_001F7B6BD45D_PASS.txt
TN-86_PICO-IMX7,2026-01-08,09:27:23,513126020584,001F7B6BD44E_001F7B6BD44F,PASS,20260108_092723_513126020584_001F7B6BD44E_001F7B6BD44F_PASS.txt
TN-86_PICO-IMX7,2026-01-08,09:27:37,513126020586,001F7B6BD452_001F7B6BD453,PASS,20260108_092737_513126020586_001F7B6BD452_001F7B6BD453_PASS.txt
TN-86_PICO-IMX7,2026-01-08,09:28:35,513126020592,001F7B6BD45E_001F7B6BD45F,PASS,20260108_092835_513126020592_001F7B6BD45E_001F7B6BD45F_PASS.txt
TN-86_PICO-IMX7,2026-01-08,09:29:59,513126020587,001F7B6BD454_001F7B6BD455,PASS,20260108_092959_513126020587_001F7B6BD454_001F7B6BD455_PASS.txt
TN-86_PICO-IMX7,2026-01-08,09:31:03,513126020495,001F7B6BD39C_001F7B6BD39D,PASS,20260108_093103_513126020495_001F7B6BD39C_001F7B6BD39D_PASS.txt
TN-86_PICO-IMX7,2026-01-08,09:32:53,513126020581,001F7B6BD448_001F7B6BD449,PASS,20260108_093253_513126020581_001F7B6BD448_001F7B6BD449_PASS.txt
TN-86_PICO-IMX7,2026-01-08,09:33:32,513126020494,001F7B6BD39A_001F7B6BD39B,PASS,20260108_093332_513126020494_001F7B6BD39A_001F7B6BD39B_PASS.txt
TN-86_PICO-IMX7,2026-01-08,09:34:00,513126020497,001F7B6BD3A0_001F7B6BD3A1,PASS,20260108_093400_513126020497_001F7B6BD3A0_001F7B6BD3A1_PASS.txt
TN-86_PICO-IMX7,2026-01-08,09:35:06,513126020523,001F7B6BD3D4_001F7B6BD3D5,PASS,20260108_093506_513126020523_001F7B6BD3D4_001F7B6BD3D5_PASS.txt
TN-86_PICO-IMX7,2026-01-08,09:35:59,513126020492,001F7B6BD396_001F7B6BD397,PASS,20260108_093559_513126020492_001F7B6BD396_001F7B6BD397_PASS.txt
TN-86_PICO-IMX7,2026-01-08,09:37:16,513126020493,001F7B6BD398_001F7B6BD399,PASS,20260108_093716_513126020493_001F7B6BD398_001F7B6BD399_PASS.txt
TN-86_PICO-IMX7,2026-01-08,09:38:31,513126020496,001F7B6BD39E_001F7B6BD39F,PASS,20260108_093831_513126020496_001F7B6BD39E_001F7B6BD39F_PASS.txt
TN-86_PICO-IMX7,2026-01-08,09:41:09,513126020491,001F7B6BD394_001F7B6BD395,PASS,20260108_094109_513126020491_001F7B6BD394_001F7B6BD395_PASS.txt
TN-86_PICO-IMX7,2026-01-08,09:44:30,513126020486,001F7B6BD38A_001F7B6BD38B,PASS,20260108_094430_513126020486_001F7B6BD38A_001F7B6BD38B_PASS.txt
TN-86_PICO-IMX7,2026-01-08,09:45:07,513126020537,001F7B6BD3F0_001F7B6BD3F1,PASS,20260108_094507_513126020537_001F7B6BD3F0_001F7B6BD3F1_PASS.txt
TN-86_PICO-IMX7,2026-01-08,09:45:54,513126020489,001F7B6BD390_001F7B6BD391,PASS,20260108_094554_513126020489_001F7B6BD390_001F7B6BD391_PASS.txt
TN-86_PICO-IMX7,2026-01-08,09:47:02,513126020487,001F7B6BD38C_001F7B6BD38D,PASS,20260108_094702_513126020487_001F7B6BD38C_001F7B6BD38D_PASS.txt
TN-86_PICO-IMX7,2026-01-08,09:48:23,513126020490,001F7B6BD392_001F7B6BD393,PASS,20260108_094823_513126020490_001F7B6BD392_001F7B6BD393_PASS.txt
TN-86_PICO-IMX7,2026-01-08,09:49:46,513126020539,001F7B6BD3F4_001F7B6BD3F5,PASS,20260108_094946_513126020539_001F7B6BD3F4_001F7B6BD3F5_PASS.txt
TN-86_PICO-IMX7,2026-01-08,09:51:20,513126020538,001F7B6BD3F2_001F7B6BD3F3,PASS,20260108_095120_513126020538_001F7B6BD3F2_001F7B6BD3F3_PASS.txt
TN-86_PICO-IMX7,2026-01-08,09:52:03,513126020488,001F7B6BD38E_001F7B6BD38F,PASS,20260108_095203_513126020488_001F7B6BD38E_001F7B6BD38F_PASS.txt
TN-86_PICO-IMX7,2026-01-08,09:54:40,513126020536,001F7B6BD3EE_001F7B6BD3EF,FAIL,20260108_095440_513126020536_001F7B6BD3EE_001F7B6BD3EF_FAIL.txt
TN-86_PICO-IMX7,2026-01-08,09:55:20,513126020533,001F7B6BD3E8_001F7B6BD3E9,PASS,20260108_095520_513126020533_001F7B6BD3E8_001F7B6BD3E9_PASS.txt
TN-86_PICO-IMX7,2026-01-08,09:56:31,513126020532,001F7B6BD3E6_001F7B6BD3E7,PASS,20260108_095631_513126020532_001F7B6BD3E6_001F7B6BD3E7_PASS.txt
TN-86_PICO-IMX7,2026-01-08,09:57:59,513126020534,001F7B6BD3EA_001F7B6BD3EB,PASS,20260108_095759_513126020534_001F7B6BD3EA_001F7B6BD3EB_PASS.txt
TN-86_PICO-IMX7,2026-01-08,09:58:23,513126020531,001F7B6BD3E4_001F7B6BD3E5,PASS,20260108_095823_513126020531_001F7B6BD3E4_001F7B6BD3E5_PASS.txt
TN-86_PICO-IMX7,2026-01-08,10:01:21,513126020528,001F7B6BD3DE_001F7B6BD3DF,PASS,20260108_100121_513126020528_001F7B6BD3DE_001F7B6BD3DF_PASS.txt
TN-86_PICO-IMX7,2026-01-08,10:02:13,513126020520,001F7B6BD3CE_001F7B6BD3CF,PASS,20260108_100213_513126020520_001F7B6BD3CE_001F7B6BD3CF_PASS.txt
TN-86_PICO-IMX7,2026-01-08,10:02:49,513126020530,001F7B6BD3E2_001F7B6BD3E3,PASS,20260108_100249_513126020530_001F7B6BD3E2_001F7B6BD3E3_PASS.txt
TN-86_PICO-IMX7,2026-01-08,10:03:47,513126020519,001F7B6BD3CC_001F7B6BD3CD,PASS,20260108_100347_513126020519_001F7B6BD3CC_001F7B6BD3CD_PASS.txt
TN-86_PICO-IMX7,2026-01-08,10:04:47,513126020529,001F7B6BD3E0_001F7B6BD3E1,PASS,20260108_100447_513126020529_001F7B6BD3E0_001F7B6BD3E1_PASS.txt
TN-86_PICO-IMX7,2026-01-08,10:07:26,513126020518,001F7B6BD3CA_001F7B6BD3CB,PASS,20260108_100726_513126020518_001F7B6BD3CA_001F7B6BD3CB_PASS.txt
TN-86_PICO-IMX7,2026-01-08,10:09:19,513126020535,001F7B6BD3EC_001F7B6BD3ED,PASS,20260108_100919_513126020535_001F7B6BD3EC_001F7B6BD3ED_PASS.txt
TN-86_PICO-IMX7,2026-01-08,10:09:51,513126020516,001F7B6BD3C6_001F7B6BD3C7,PASS,20260108_100951_513126020516_001F7B6BD3C6_001F7B6BD3C7_PASS.txt
TN-86_PICO-IMX7,2026-01-08,10:12:59,513126020514,001F7B6BD3C2_001F7B6BD3C3,PASS,20260108_101259_513126020514_001F7B6BD3C2_001F7B6BD3C3_PASS.txt
TN-86_PICO-IMX7,2026-01-08,10:14:35,513126020510,001F7B6BD3BA_001F7B6BD3BB,PASS,20260108_101435_513126020510_001F7B6BD3BA_001F7B6BD3BB_PASS.txt
TN-86_PICO-IMX7,2026-01-08,10:14:35,513126020515,001F7B6BD3C4_001F7B6BD3C5,PASS,20260108_101435_513126020515_001F7B6BD3C4_001F7B6BD3C5_PASS.txt
TN-86_PICO-IMX7,2026-01-08,10:15:12,513126020521,001F7B6BD3D0_001F7B6BD3D1,PASS,20260108_101512_513126020521_001F7B6BD3D0_001F7B6BD3D1_PASS.txt
TN-86_PICO-IMX7,2026-01-08,10:16:32,513126020517,001F7B6BD3C8_001F7B6BD3C9,PASS,20260108_101632_513126020517_001F7B6BD3C8_001F7B6BD3C9_PASS.txt
TN-86_PICO-IMX7,2026-01-08,10:24:54,513126020513,001F7B6BD3C0_001F7B6BD3C1,PASS,20260108_102454_513126020513_001F7B6BD3C0_001F7B6BD3C1_PASS.txt
TN-86_PICO-IMX7,2026-01-08,10:26:08,513126020511,001F7B6BD3BC_001F7B6BD3BD,PASS,20260108_102608_513126020511_001F7B6BD3BC_001F7B6BD3BD_PASS.txt
TN-86_PICO-IMX7,2026-01-08,10:31:23,513126020582,001F7B6BD44A_001F7B6BD44B,PASS,20260108_103123_513126020582_001F7B6BD44A_001F7B6BD44B_PASS.txt
TN-86_PICO-IMX7,2026-01-08,10:31:53,513126020503,001F7B6BD3AC_001F7B6BD3AD,PASS,20260108_103153_513126020503_001F7B6BD3AC_001F7B6BD3AD_PASS.txt
TN-86_PICO-IMX7,2026-01-08,10:33:15,513126020578,001F7B6BD442_001F7B6BD443,PASS,20260108_103315_513126020578_001F7B6BD442_001F7B6BD443_PASS.txt
TN-86_PICO-IMX7,2026-01-08,10:33:20,513126020501,001F7B6BD3A8_001F7B6BD3A9,PASS,20260108_103320_513126020501_001F7B6BD3A8_001F7B6BD3A9_PASS.txt
TN-86_PICO-IMX7,2026-01-08,10:36:26,513126020580,001F7B6BD446_001F7B6BD447,PASS,20260108_103626_513126020580_001F7B6BD446_001F7B6BD447_PASS.txt
TN-86_PICO-IMX7,2026-01-08,10:37:39,513126020579,001F7B6BD444_001F7B6BD445,PASS,20260108_103739_513126020579_001F7B6BD444_001F7B6BD445_PASS.txt
TN-86_PICO-IMX7,2026-01-08,10:38:47,513126020502,001F7B6BD3AA_001F7B6BD3AB,PASS,20260108_103847_513126020502_001F7B6BD3AA_001F7B6BD3AB_PASS.txt
TN-86_PICO-IMX7,2026-01-08,10:40:52,513126020360,001F7B6BD28E_001F7B6BD28F,PASS,20260108_104052_513126020360_001F7B6BD28E_001F7B6BD28F_PASS.txt
TN-86_PICO-IMX7,2026-01-08,10:41:28,513126020583,001F7B6BD44C_001F7B6BD44D,PASS,20260108_104128_513126020583_001F7B6BD44C_001F7B6BD44D_PASS.txt
TN-86_PICO-IMX7,2026-01-08,10:41:40,513126020512,001F7B6BD3BE_001F7B6BD3BF,PASS,20260108_104140_513126020512_001F7B6BD3BE_001F7B6BD3BF_PASS.txt
TN-86_PICO-IMX7,2026-01-08,10:42:46,513126020357,001F7B6BD288_001F7B6BD289,PASS,20260108_104246_513126020357_001F7B6BD288_001F7B6BD289_PASS.txt
TN-86_PICO-IMX7,2026-01-08,10:43:05,513126020358,001F7B6BD28A_001F7B6BD28B,PASS,20260108_104305_513126020358_001F7B6BD28A_001F7B6BD28B_PASS.txt
TN-86_PICO-IMX7,2026-01-08,10:43:47,513126020355,001F7B6BD284_001F7B6BD285,PASS,20260108_104347_513126020355_001F7B6BD284_001F7B6BD285_PASS.txt
TN-86_PICO-IMX7,2026-01-08,10:44:54,513126020340,001F7B6BD266_001F7B6BD267,PASS,20260108_104454_513126020340_001F7B6BD266_001F7B6BD267_PASS.txt
TN-86_PICO-IMX7,2026-01-08,10:45:25,513126020356,001F7B6BD286_001F7B6BD287,PASS,20260108_104525_513126020356_001F7B6BD286_001F7B6BD287_PASS.txt
TN-86_PICO-IMX7,2026-01-08,10:47:51,513126020341,001F7B6BD268_001F7B6BD269,PASS,20260108_104751_513126020341_001F7B6BD268_001F7B6BD269_PASS.txt
TN-86_PICO-IMX7,2026-01-08,10:49:41,513126020575,001F7B6BD43C_001F7B6BD43D,PASS,20260108_104941_513126020575_001F7B6BD43C_001F7B6BD43D_PASS.txt
TN-86_PICO-IMX7,2026-01-08,10:50:04,513126020337,001F7B6BD260_001F7B6BD261,PASS,20260108_105004_513126020337_001F7B6BD260_001F7B6BD261_PASS.txt
TN-86_PICO-IMX7,2026-01-08,10:51:00,513126020339,001F7B6BD264_001F7B6BD265,PASS,20260108_105100_513126020339_001F7B6BD264_001F7B6BD265_PASS.txt
TN-86_PICO-IMX7,2026-01-08,10:52:34,513126020577,001F7B6BD440_001F7B6BD441,PASS,20260108_105234_513126020577_001F7B6BD440_001F7B6BD441_PASS.txt
TN-86_PICO-IMX7,2026-01-08,10:53:58,513126020338,001F7B6BD262_001F7B6BD263,PASS,20260108_105358_513126020338_001F7B6BD262_001F7B6BD263_PASS.txt
TN-86_PICO-IMX7,2026-01-08,10:55:34,513126020572,001F7B6BD436_001F7B6BD437,PASS,20260108_105534_513126020572_001F7B6BD436_001F7B6BD437_PASS.txt
TN-86_PICO-IMX7,2026-01-08,10:56:10,513126020574,001F7B6BD43A_001F7B6BD43B,PASS,20260108_105610_513126020574_001F7B6BD43A_001F7B6BD43B_PASS.txt
TN-86_PICO-IMX7,2026-01-08,10:57:14,513126020364,001F7B6BD296_001F7B6BD297,PASS,20260108_105714_513126020364_001F7B6BD296_001F7B6BD297_PASS.txt
TN-86_PICO-IMX7,2026-01-08,10:58:08,513126020573,001F7B6BD438_001F7B6BD439,PASS,20260108_105808_513126020573_001F7B6BD438_001F7B6BD439_PASS.txt
TN-86_PICO-IMX7,2026-01-08,11:00:32,513126020366,001F7B6BD29A_001F7B6BD29B,PASS,20260108_110032_513126020366_001F7B6BD29A_001F7B6BD29B_PASS.txt
TN-86_PICO-IMX7,2026-01-08,11:02:05,513126020365,001F7B6BD298_001F7B6BD299,PASS,20260108_110205_513126020365_001F7B6BD298_001F7B6BD299_PASS.txt
TN-86_PICO-IMX7,2026-01-08,11:03:13,513126020576,001F7B6BD43E_001F7B6BD43F,PASS,20260108_110313_513126020576_001F7B6BD43E_001F7B6BD43F_PASS.txt
TN-86_PICO-IMX7,2026-01-08,11:05:04,513126020342,001F7B6BD26A_001F7B6BD26B,PASS,20260108_110504_513126020342_001F7B6BD26A_001F7B6BD26B_PASS.txt
TN-86_PICO-IMX7,2026-01-08,11:05:51,513126020362,001F7B6BD292_001F7B6BD293,PASS,20260108_110551_513126020362_001F7B6BD292_001F7B6BD293_PASS.txt
TN-86_PICO-IMX7,2026-01-08,11:08:13,513126020336,001F7B6BD25E_001F7B6BD25F,PASS,20260108_110813_513126020336_001F7B6BD25E_001F7B6BD25F_PASS.txt
TN-86_PICO-IMX7,2026-01-08,11:09:01,513126020334,001F7B6BD25A_001F7B6BD25B,PASS,20260108_110901_513126020334_001F7B6BD25A_001F7B6BD25B_PASS.txt
TN-86_PICO-IMX7,2026-01-08,11:09:03,513126020363,001F7B6BD294_001F7B6BD295,PASS,20260108_110903_513126020363_001F7B6BD294_001F7B6BD295_PASS.txt
TN-86_PICO-IMX7,2026-01-08,11:12:28,513126020333,001F7B6BD258_001F7B6BD259,PASS,20260108_111228_513126020333_001F7B6BD258_001F7B6BD259_PASS.txt
TN-86_PICO-IMX7,2026-01-08,11:14:10,513126020335,001F7B6BD25C_001F7B6BD25D,PASS,20260108_111410_513126020335_001F7B6BD25C_001F7B6BD25D_PASS.txt
TN-86_PICO-IMX7,2026-01-08,11:15:09,513126020331,001F7B6BD254_001F7B6BD255,PASS,20260108_111509_513126020331_001F7B6BD254_001F7B6BD255_PASS.txt
TN-86_PICO-IMX7,2026-01-08,11:17:18,513126020353,001F7B6BD280_001F7B6BD281,PASS,20260108_111718_513126020353_001F7B6BD280_001F7B6BD281_PASS.txt
TN-86_PICO-IMX7,2026-01-08,11:17:31,513126020354,001F7B6BD282_001F7B6BD283,PASS,20260108_111731_513126020354_001F7B6BD282_001F7B6BD283_PASS.txt
TN-86_PICO-IMX7,2026-01-08,11:18:45,513126020349,001F7B6BD278_001F7B6BD279,PASS,20260108_111845_513126020349_001F7B6BD278_001F7B6BD279_PASS.txt
TN-86_PICO-IMX7,2026-01-08,11:24:29,513126020351,001F7B6BD27C_001F7B6BD27D,PASS,20260108_112429_513126020351_001F7B6BD27C_001F7B6BD27D_PASS.txt
TN-86_PICO-IMX7,2026-01-08,11:24:44,513126020441,001F7B6BD330_001F7B6BD331,PASS,20260108_112444_513126020441_001F7B6BD330_001F7B6BD331_PASS.txt
TN-86_PICO-IMX7,2026-01-08,11:25:04,513126020361,001F7B6BD290_001F7B6BD291,PASS,20260108_112504_513126020361_001F7B6BD290_001F7B6BD291_PASS.txt
TN-86_PICO-IMX7,2026-01-08,11:27:02,513126020442,001F7B6BD332_001F7B6BD333,PASS,20260108_112702_513126020442_001F7B6BD332_001F7B6BD333_PASS.txt
TN-86_PICO-IMX7,2026-01-08,11:28:39,513126020445,001F7B6BD338_001F7B6BD339,PASS,20260108_112839_513126020445_001F7B6BD338_001F7B6BD339_PASS.txt
TN-86_PICO-IMX7,2026-01-08,11:29:20,513126020332,001F7B6BD256_001F7B6BD257,PASS,20260108_112920_513126020332_001F7B6BD256_001F7B6BD257_PASS.txt
TN-86_PICO-IMX7,2026-01-08,11:30:39,513126020440,001F7B6BD32E_001F7B6BD32F,PASS,20260108_113039_513126020440_001F7B6BD32E_001F7B6BD32F_PASS.txt
TN-86_PICO-IMX7,2026-01-08,11:30:50,513126020471,001F7B6BD36C_001F7B6BD36D,PASS,20260108_113050_513126020471_001F7B6BD36C_001F7B6BD36D_PASS.txt
TN-86_PICO-IMX7,2026-01-08,11:31:18,513126020443,001F7B6BD334_001F7B6BD335,PASS,20260108_113118_513126020443_001F7B6BD334_001F7B6BD335_PASS.txt
TN-86_PICO-IMX7,2026-01-08,11:31:51,513126020438,001F7B6BD32A_001F7B6BD32B,PASS,20260108_113151_513126020438_001F7B6BD32A_001F7B6BD32B_PASS.txt
TN-86_PICO-IMX7,2026-01-08,11:32:46,513126020439,001F7B6BD32C_001F7B6BD32D,PASS,20260108_113246_513126020439_001F7B6BD32C_001F7B6BD32D_PASS.txt
TN-86_PICO-IMX7,2026-01-08,11:34:14,513126020473,001F7B6BD370_001F7B6BD371,PASS,20260108_113414_513126020473_001F7B6BD370_001F7B6BD371_PASS.txt
TN-86_PICO-IMX7,2026-01-08,11:35:45,513126020468,001F7B6BD366_001F7B6BD367,PASS,20260108_113545_513126020468_001F7B6BD366_001F7B6BD367_PASS.txt
TN-86_PICO-IMX7,2026-01-08,11:36:07,513126020472,001F7B6BD36E_001F7B6BD36F,PASS,20260108_113607_513126020472_001F7B6BD36E_001F7B6BD36F_PASS.txt
TN-86_PICO-IMX7,2026-01-08,11:37:35,513126020478,001F7B6BD37A_001F7B6BD37B,PASS,20260108_113735_513126020478_001F7B6BD37A_001F7B6BD37B_PASS.txt
TN-86_PICO-IMX7,2026-01-08,11:38:22,513126020479,001F7B6BD37C_001F7B6BD37D,PASS,20260108_113822_513126020479_001F7B6BD37C_001F7B6BD37D_PASS.txt
TN-86_PICO-IMX7,2026-01-08,11:39:07,513126020469,001F7B6BD368_001F7B6BD369,PASS,20260108_113907_513126020469_001F7B6BD368_001F7B6BD369_PASS.txt
TN-86_PICO-IMX7,2026-01-08,11:40:27,513126020477,001F7B6BD378_001F7B6BD379,PASS,20260108_114027_513126020477_001F7B6BD378_001F7B6BD379_PASS.txt
TN-86_PICO-IMX7,2026-01-08,11:41:32,513126020470,001F7B6BD36A_001F7B6BD36B,PASS,20260108_114132_513126020470_001F7B6BD36A_001F7B6BD36B_PASS.txt
TN-86_PICO-IMX7,2026-01-08,11:42:28,513126020476,001F7B6BD376_001F7B6BD377,PASS,20260108_114228_513126020476_001F7B6BD376_001F7B6BD377_PASS.txt
TN-86_PICO-IMX7,2026-01-08,11:43:27,513126020459,001F7B6BD354_001F7B6BD355,PASS,20260108_114327_513126020459_001F7B6BD354_001F7B6BD355_PASS.txt
TN-86_PICO-IMX7,2026-01-08,11:43:41,513126020474,001F7B6BD372_001F7B6BD373,PASS,20260108_114341_513126020474_001F7B6BD372_001F7B6BD373_PASS.txt
TN-86_PICO-IMX7,2026-01-08,11:45:13,513126020475,001F7B6BD374_001F7B6BD375,PASS,20260108_114513_513126020475_001F7B6BD374_001F7B6BD375_PASS.txt
TN-86_PICO-IMX7,2026-01-08,11:46:02,513126020460,001F7B6BD356_001F7B6BD357,PASS,20260108_114602_513126020460_001F7B6BD356_001F7B6BD357_PASS.txt
TN-86_PICO-IMX7,2026-01-08,11:47:23,513126020456,001F7B6BD34E_001F7B6BD34F,PASS,20260108_114723_513126020456_001F7B6BD34E_001F7B6BD34F_PASS.txt
TN-86_PICO-IMX7,2026-01-08,11:48:14,513126020458,001F7B6BD352_001F7B6BD353,PASS,20260108_114814_513126020458_001F7B6BD352_001F7B6BD353_PASS.txt
TN-86_PICO-IMX7,2026-01-08,11:49:39,513126020436,001F7B6BD326_001F7B6BD327,PASS,20260108_114939_513126020436_001F7B6BD326_001F7B6BD327_PASS.txt
TN-86_PICO-IMX7,2026-01-08,11:50:07,513126020461,001F7B6BD358_001F7B6BD359,PASS,20260108_115007_513126020461_001F7B6BD358_001F7B6BD359_PASS.txt
TN-86_PICO-IMX7,2026-01-08,11:51:42,513126020435,001F7B6BD324_001F7B6BD325,PASS,20260108_115142_513126020435_001F7B6BD324_001F7B6BD325_PASS.txt
TN-86_PICO-IMX7,2026-01-08,11:52:42,513126020457,001F7B6BD350_001F7B6BD351,PASS,20260108_115242_513126020457_001F7B6BD350_001F7B6BD351_PASS.txt
TN-86_PICO-IMX7,2026-01-08,11:53:31,513126020432,001F7B6BD31E_001F7B6BD31F,PASS,20260108_115331_513126020432_001F7B6BD31E_001F7B6BD31F_PASS.txt
TN-86_PICO-IMX7,2026-01-08,11:54:02,513126020437,001F7B6BD328_001F7B6BD329,PASS,20260108_115402_513126020437_001F7B6BD328_001F7B6BD329_PASS.txt
TN-86_PICO-IMX7,2026-01-08,11:54:28,513126020405,001F7B6BD2E8_001F7B6BD2E9,PASS,20260108_115428_513126020405_001F7B6BD2E8_001F7B6BD2E9_PASS.txt
TN-86_PICO-IMX7,2026-01-08,11:54:40,513126020434,001F7B6BD322_001F7B6BD323,PASS,20260108_115440_513126020434_001F7B6BD322_001F7B6BD323_PASS.txt
TN-86_PICO-IMX7,2026-01-08,11:55:43,513126020433,001F7B6BD320_001F7B6BD321,PASS,20260108_115543_513126020433_001F7B6BD320_001F7B6BD321_PASS.txt
TN-86_PICO-IMX7,2026-01-08,11:56:14,513126020407,001F7B6BD2EC_001F7B6BD2ED,PASS,20260108_115614_513126020407_001F7B6BD2EC_001F7B6BD2ED_PASS.txt
TN-86_PICO-IMX7,2026-01-08,12:51:18,513126020406,001F7B6BD2EA_001F7B6BD2EB,PASS,20260108_125118_513126020406_001F7B6BD2EA_001F7B6BD2EB_PASS.txt
TN-86_PICO-IMX7,2026-01-08,12:51:25,513126020404,001F7B6BD2E6_001F7B6BD2E7,PASS,20260108_125125_513126020404_001F7B6BD2E6_001F7B6BD2E7_PASS.txt
TN-86_PICO-IMX7,2026-01-08,12:52:28,513126020465,001F7B6BD360_001F7B6BD361,PASS,20260108_125228_513126020465_001F7B6BD360_001F7B6BD361_PASS.txt
TN-86_PICO-IMX7,2026-01-08,12:53:05,513126020466,001F7B6BD362_001F7B6BD363,PASS,20260108_125305_513126020466_001F7B6BD362_001F7B6BD363_PASS.txt
TN-86_PICO-IMX7,2026-01-08,12:53:56,513126020403,001F7B6BD2E4_001F7B6BD2E5,PASS,20260108_125356_513126020403_001F7B6BD2E4_001F7B6BD2E5_PASS.txt
TN-86_PICO-IMX7,2026-01-08,12:56:22,513126020467,001F7B6BD364_001F7B6BD365,PASS,20260108_125622_513126020467_001F7B6BD364_001F7B6BD365_PASS.txt
TN-86_PICO-IMX7,2026-01-08,12:56:55,513126020306,001F7B6BD222_001F7B6BD223,PASS,20260108_125655_513126020306_001F7B6BD222_001F7B6BD223_PASS.txt
TN-86_PICO-IMX7,2026-01-08,12:58:00,513126020303,001F7B6BD21C_001F7B6BD21D,PASS,20260108_125800_513126020303_001F7B6BD21C_001F7B6BD21D_PASS.txt
TN-86_PICO-IMX7,2026-01-08,12:58:29,513126020307,001F7B6BD224_001F7B6BD225,PASS,20260108_125829_513126020307_001F7B6BD224_001F7B6BD225_PASS.txt
TN-86_PICO-IMX7,2026-01-08,13:00:43,513126020402,001F7B6BD2E2_001F7B6BD2E3,PASS,20260108_130043_513126020402_001F7B6BD2E2_001F7B6BD2E3_PASS.txt
TN-86_PICO-IMX7,2026-01-08,13:02:36,513126020483,001F7B6BD384_001F7B6BD385,PASS,20260108_130236_513126020483_001F7B6BD384_001F7B6BD385_PASS.txt
TN-86_PICO-IMX7,2026-01-08,13:03:22,513126020305,001F7B6BD220_001F7B6BD221,PASS,20260108_130322_513126020305_001F7B6BD220_001F7B6BD221_PASS.txt
TN-86_PICO-IMX7,2026-01-08,13:03:29,513126020304,001F7B6BD21E_001F7B6BD21F,PASS,20260108_130329_513126020304_001F7B6BD21E_001F7B6BD21F_PASS.txt
TN-86_PICO-IMX7,2026-01-08,13:04:56,513126020482,001F7B6BD382_001F7B6BD383,PASS,20260108_130456_513126020482_001F7B6BD382_001F7B6BD383_PASS.txt
TN-86_PICO-IMX7,2026-01-08,13:05:50,513126020481,001F7B6BD380_001F7B6BD381,PASS,20260108_130550_513126020481_001F7B6BD380_001F7B6BD381_PASS.txt
TN-86_PICO-IMX7,2026-01-08,13:08:46,513126020480,001F7B6BD37E_001F7B6BD37F,PASS,20260108_130846_513126020480_001F7B6BD37E_001F7B6BD37F_PASS.txt
TN-86_PICO-IMX7,2026-01-08,13:11:34,513126020484,001F7B6BD386_001F7B6BD387,PASS,20260108_131134_513126020484_001F7B6BD386_001F7B6BD387_PASS.txt
TN-86_PICO-IMX7,2026-01-08,13:13:14,513126020308,001F7B6BD226_001F7B6BD227,PASS,20260108_131314_513126020308_001F7B6BD226_001F7B6BD227_PASS.txt
TN-86_PICO-IMX7,2026-01-08,13:13:52,513126020485,001F7B6BD388_001F7B6BD389,PASS,20260108_131352_513126020485_001F7B6BD388_001F7B6BD389_PASS.txt
TN-86_PICO-IMX7,2026-01-08,13:14:58,513126020315,001F7B6BD234_001F7B6BD235,PASS,20260108_131458_513126020315_001F7B6BD234_001F7B6BD235_PASS.txt
TN-86_PICO-IMX7,2026-01-08,13:17:42,513126020302,001F7B6BD21A_001F7B6BD21B,FAIL,20260108_131742_513126020302_001F7B6BD21A_001F7B6BD21B_FAIL.txt
TN-86_PICO-IMX7,2026-01-08,13:19:23,513126020311,001F7B6BD22C_001F7B6BD22D,PASS,20260108_131923_513126020311_001F7B6BD22C_001F7B6BD22D_PASS.txt
TN-86_PICO-IMX7,2026-01-08,13:20:23,513126020317,001F7B6BD238_001F7B6BD239,PASS,20260108_132023_513126020317_001F7B6BD238_001F7B6BD239_PASS.txt
TN-86_PICO-IMX7,2026-01-08,13:21:28,513126020316,001F7B6BD236_001F7B6BD237,PASS,20260108_132128_513126020316_001F7B6BD236_001F7B6BD237_PASS.txt
TN-86_PICO-IMX7,2026-01-08,13:21:49,513126020301,001F7B6BD218_001F7B6BD219,PASS,20260108_132149_513126020301_001F7B6BD218_001F7B6BD219_PASS.txt
TN-86_PICO-IMX7,2026-01-08,13:23:46,513126020313,001F7B6BD230_001F7B6BD231,PASS,20260108_132346_513126020313_001F7B6BD230_001F7B6BD231_PASS.txt
TN-86_PICO-IMX7,2026-01-08,13:24:16,513126020314,001F7B6BD232_001F7B6BD233,PASS,20260108_132416_513126020314_001F7B6BD232_001F7B6BD233_PASS.txt
TN-86_PICO-IMX7,2026-01-08,13:26:07,513126020330,001F7B6BD252_001F7B6BD253,PASS,20260108_132607_513126020330_001F7B6BD252_001F7B6BD253_PASS.txt
TN-86_PICO-IMX7,2026-01-08,13:26:26,513126020328,001F7B6BD24E_001F7B6BD24F,PASS,20260108_132626_513126020328_001F7B6BD24E_001F7B6BD24F_PASS.txt
TN-86_PICO-IMX7,2026-01-08,13:27:05,513126020310,001F7B6BD22A_001F7B6BD22B,PASS,20260108_132705_513126020310_001F7B6BD22A_001F7B6BD22B_PASS.txt
TN-86_PICO-IMX7,2026-01-08,13:27:32,513126020329,001F7B6BD250_001F7B6BD251,PASS,20260108_132732_513126020329_001F7B6BD250_001F7B6BD251_PASS.txt
TN-86_PICO-IMX7,2026-01-08,13:28:51,513126020325,001F7B6BD248_001F7B6BD249,PASS,20260108_132851_513126020325_001F7B6BD248_001F7B6BD249_PASS.txt
TN-86_PICO-IMX7,2026-01-08,13:30:21,513126020327,001F7B6BD24C_001F7B6BD24D,PASS,20260108_133021_513126020327_001F7B6BD24C_001F7B6BD24D_PASS.txt
TN-86_PICO-IMX7,2026-01-08,13:30:43,513126020326,001F7B6BD24A_001F7B6BD24B,PASS,20260108_133043_513126020326_001F7B6BD24A_001F7B6BD24B_PASS.txt
TN-86_PICO-IMX7,2026-01-08,13:31:34,513126020324,001F7B6BD246_001F7B6BD247,PASS,20260108_133134_513126020324_001F7B6BD246_001F7B6BD247_PASS.txt
TN-86_PICO-IMX7,2026-01-08,13:32:20,513126020323,001F7B6BD244_001F7B6BD245,PASS,20260108_133220_513126020323_001F7B6BD244_001F7B6BD245_PASS.txt
TN-86_PICO-IMX7,2026-01-08,13:33:18,513126020318,001F7B6BD23A_001F7B6BD23B,PASS,20260108_133318_513126020318_001F7B6BD23A_001F7B6BD23B_PASS.txt
TN-86_PICO-IMX7,2026-01-08,13:34:51,513126020319,001F7B6BD23C_001F7B6BD23D,PASS,20260108_133451_513126020319_001F7B6BD23C_001F7B6BD23D_PASS.txt
TN-86_PICO-IMX7,2026-01-08,13:36:35,513126020322,001F7B6BD242_001F7B6BD243,PASS,20260108_133635_513126020322_001F7B6BD242_001F7B6BD243_PASS.txt
TN-86_PICO-IMX7,2026-01-08,13:38:26,513126020448,001F7B6BD33E_001F7B6BD33F,PASS,20260108_133826_513126020448_001F7B6BD33E_001F7B6BD33F_PASS.txt
TN-86_PICO-IMX7,2026-01-08,13:40:44,513126020444,001F7B6BD336_001F7B6BD337,PASS,20260108_134044_513126020444_001F7B6BD336_001F7B6BD337_PASS.txt
TN-86_PICO-IMX7,2026-01-08,13:41:30,513126020447,001F7B6BD33C_001F7B6BD33D,PASS,20260108_134130_513126020447_001F7B6BD33C_001F7B6BD33D_PASS.txt
TN-86_PICO-IMX7,2026-01-08,13:42:14,513126020372,001F7B6BD2A6_001F7B6BD2A7,PASS,20260108_134214_513126020372_001F7B6BD2A6_001F7B6BD2A7_PASS.txt
TN-86_PICO-IMX7,2026-01-08,13:42:36,513126020371,001F7B6BD2A4_001F7B6BD2A5,PASS,20260108_134236_513126020371_001F7B6BD2A4_001F7B6BD2A5_PASS.txt
TN-86_PICO-IMX7,2026-01-08,13:46:36,513126020449,001F7B6BD340_001F7B6BD341,PASS,20260108_134636_513126020449_001F7B6BD340_001F7B6BD341_PASS.txt
TN-86_PICO-IMX7,2026-01-08,13:48:37,513126020370,001F7B6BD2A2_001F7B6BD2A3,PASS,20260108_134837_513126020370_001F7B6BD2A2_001F7B6BD2A3_PASS.txt
TN-86_PICO-IMX7,2026-01-08,13:51:13,513126020368,001F7B6BD29E_001F7B6BD29F,PASS,20260108_135113_513126020368_001F7B6BD29E_001F7B6BD29F_PASS.txt
TN-86_PICO-IMX7,2026-01-08,13:51:42,513126020350,001F7B6BD27A_001F7B6BD27B,PASS,20260108_135142_513126020350_001F7B6BD27A_001F7B6BD27B_PASS.txt
TN-86_PICO-IMX7,2026-01-08,13:53:52,513126020347,001F7B6BD274_001F7B6BD275,PASS,20260108_135352_513126020347_001F7B6BD274_001F7B6BD275_PASS.txt
TN-86_PICO-IMX7,2026-01-08,13:55:08,513126020345,001F7B6BD270_001F7B6BD271,PASS,20260108_135508_513126020345_001F7B6BD270_001F7B6BD271_PASS.txt
TN-86_PICO-IMX7,2026-01-08,13:55:38,513126020369,001F7B6BD2A0_001F7B6BD2A1,PASS,20260108_135538_513126020369_001F7B6BD2A0_001F7B6BD2A1_PASS.txt
TN-86_PICO-IMX7,2026-01-08,13:55:58,513126020320,001F7B6BD23E_001F7B6BD23F,PASS,20260108_135558_513126020320_001F7B6BD23E_001F7B6BD23F_PASS.txt
TN-86_PICO-IMX7,2026-01-08,13:56:28,513126020446,001F7B6BD33A_001F7B6BD33B,PASS,20260108_135628_513126020446_001F7B6BD33A_001F7B6BD33B_PASS.txt
TN-86_PICO-IMX7,2026-01-08,13:58:16,513126020346,001F7B6BD272_001F7B6BD273,PASS,20260108_135816_513126020346_001F7B6BD272_001F7B6BD273_PASS.txt
TN-86_PICO-IMX7,2026-01-08,13:59:45,513126020367,001F7B6BD29C_001F7B6BD29D,PASS,20260108_135945_513126020367_001F7B6BD29C_001F7B6BD29D_PASS.txt
TN-86_PICO-IMX7,2026-01-08,14:05:04,513125530268,001F7B6BCFBA_001F7B6BCFBB,PASS,20260108_140504_513125530268_001F7B6BCFBA_001F7B6BCFBB_PASS.txt
TN-86_PICO-IMX7,2026-01-08,14:05:38,513126020344,001F7B6BD26E_001F7B6BD26F,PASS,20260108_140538_513126020344_001F7B6BD26E_001F7B6BD26F_PASS.txt
TN-86_PICO-IMX7,2026-01-08,14:06:58,513125530270,001F7B6BCFBE_001F7B6BCFBF,PASS,20260108_140658_513125530270_001F7B6BCFBE_001F7B6BCFBF_PASS.txt
TN-86_PICO-IMX7,2026-01-08,14:09:02,513125530266,001F7B6BCFB6_001F7B6BCFB7,PASS,20260108_140902_513125530266_001F7B6BCFB6_001F7B6BCFB7_PASS.txt
TN-86_PICO-IMX7,2026-01-08,14:09:45,513126020343,001F7B6BD26C_001F7B6BD26D,PASS,20260108_140945_513126020343_001F7B6BD26C_001F7B6BD26D_PASS.txt
TN-86_PICO-IMX7,2026-01-08,14:11:12,513126020348,001F7B6BD276_001F7B6BD277,PASS,20260108_141112_513126020348_001F7B6BD276_001F7B6BD277_PASS.txt
TN-86_PICO-IMX7,2026-01-08,14:11:41,513125530269,001F7B6BCFBC_001F7B6BCFBD,PASS,20260108_141141_513125530269_001F7B6BCFBC_001F7B6BCFBD_PASS.txt
TN-86_PICO-IMX7,2026-01-08,14:15:27,513125530264,001F7B6BCFB2_001F7B6BCFB3,PASS,20260108_141527_513125530264_001F7B6BCFB2_001F7B6BCFB3_PASS.txt
TN-86_PICO-IMX7,2026-01-08,14:16:12,513125530265,001F7B6BCFB4_001F7B6BCFB5,PASS,20260108_141612_513125530265_001F7B6BCFB4_001F7B6BCFB5_PASS.txt
TN-86_PICO-IMX7,2026-01-08,14:18:03,513125530267,001F7B6BCFB8_001F7B6BCFB9,PASS,20260108_141803_513125530267_001F7B6BCFB8_001F7B6BCFB9_PASS.txt
